Date,Open,High,Low,Close,Adj.close,Volume
29 Apr 2022,105.17,107.99,103.78,104.69,104.69,294386
28 Apr 2022,102.11,105.68,100.13,105.36,105.36,312064
27 Apr 2022,101.76,102.99,99.8,102.02,102.02,278781
26 Apr 2022,98.64,102.78,97.06,101.7,101.7,351850
25 Apr 2022,101.38,101.55,95.28,98.54,98.54,328153
22 Apr 2022,104.07,104.22,101.06,102.07,102.07,246116
21 Apr 2022,102.5,105.42,102.01,103.79,103.79,280321
20 Apr 2022,103.05,104.16,100.7,102.75,102.75,299028
19 Apr 2022,107.75,108.92,102.1,102.56,102.56,71792
18 Apr 2022,107.03,109.81,106,108.21,108.21,68489
14 Apr 2022,104.2,107.64,102.12,106.95,106.95,244952
13 Apr 2022,100.91,104.47,99.87,104.25,104.25,312502
12 Apr 2022,95.17,101.35,94.84,100.6,100.6,329037
11 Apr 2022,98.4,98.52,92.93,94.29,94.29,315873
08 Apr 2022,97.17,98.76,95.29,98.26,98.26,310082
07 Apr 2022,97.16,98.82,93.81,96.03,96.03,367318
06 Apr 2022,101.24,104.02,95.73,96.23,96.23,366036
05 Apr 2022,103.66,105.59,99.88,101.96,101.96,280283
04 Apr 2022,98.95,103.94,98.05,103.28,103.28,288131
01 Apr 2022,101.23,101.75,97.78,99.27,99.27,324777
31 Mar 2022,107.45,107.8,99.66,100.28,100.28,450845
30 Mar 2022,105.24,108.75,104.55,107.82,107.82,284544
29 Mar 2022,103.47,107.84,98.44,104.24,104.24,387200
28 Mar 2022,112.92,112.93,102.83,105.96,105.96,372251
25 Mar 2022,111.75,114.12,108.68,113.9,113.9,320304
24 Mar 2022,114.47,116.64,110.61,112.34,112.34,307238
23 Mar 2022,108.85,115.4,108.38,114.93,114.93,289182
22 Mar 2022,112.9,115.01,109.3,111.76,111.76,318629
21 Mar 2022,105.13,112.69,104.08,112.12,112.12,77217
18 Mar 2022,103.62,106.28,102.3,104.7,104.7,74247
17 Mar 2022,95.34,104.24,94.85,102.98,102.98,210763
16 Mar 2022,95.23,99.22,94.07,95.04,95.04,293947
15 Mar 2022,102.28,102.58,93.53,96.44,96.44,401690
14 Mar 2022,109.42,109.72,99.76,103.01,103.01,344184
11 Mar 2022,105.99,110.29,104.48,109.33,109.33,368194
10 Mar 2022,110.41,114.88,105.53,106.02,106.02,437924
09 Mar 2022,124.66,126.84,103.63,108.7,108.7,594773
08 Mar 2022,120.67,129.44,117.07,123.7,123.7,583106
07 Mar 2022,121.33,130.5,115.54,119.4,119.4,576022
04 Mar 2022,107.96,116.02,107.25,115.68,115.68,493875
03 Mar 2022,111.33,116.57,106.43,107.67,107.67,592031
02 Mar 2022,107.12,112.51,105.18,110.6,110.6,651853
01 Mar 2022,96.09,106.78,95.32,103.41,103.41,698814
28 Feb 2022,94.99,99.1,94.43,95.72,95.72,490796
25 Feb 2022,93.32,95.64,90.06,91.59,91.59,523793
24 Feb 2022,92.52,100.54,91.45,92.81,92.81,872244
23 Feb 2022,91.74,93.9,90.64,92.1,92.1,440574
22 Feb 2022,91.75,96,90.35,92.35,92.35,789041
18 Feb 2022,91.63,92.66,89.03,91.07,91.07,150382
17 Feb 2022,90.9,93.36,90.62,91.76,91.76,212552
16 Feb 2022,92.21,95.01,90,93.66,93.66,401453
15 Feb 2022,94.83,95.17,90.66,92.07,92.07,442641
14 Feb 2022,93.91,95.82,92.09,95.46,95.46,467071
11 Feb 2022,90,94.66,89.19,93.1,93.1,554423
10 Feb 2022,90.01,91.74,89.03,89.88,89.88,492091
09 Feb 2022,89.86,90.58,88.41,89.66,89.66,445618
08 Feb 2022,91.64,91.68,88.51,89.36,89.36,467386
07 Feb 2022,91.82,92.73,90.73,91.32,91.32,497754
04 Feb 2022,90.19,93.17,90.07,92.31,92.31,410926
03 Feb 2022,87.98,90.45,86.75,90.27,90.27,465771
02 Feb 2022,88.35,89.72,87.1,88.26,88.26,456863
01 Feb 2022,88.15,88.87,86.55,88.2,88.2,376841
31 Jan 2022,87.45,88.39,86.34,88.15,88.15,359080
28 Jan 2022,87.5,88.84,86.44,86.82,86.82,436172
27 Jan 2022,87.15,88.54,86.2,86.61,86.61,427804
26 Jan 2022,85.26,87.95,85.01,87.35,87.35,459642
25 Jan 2022,84.15,85.71,82.99,85.6,85.6,507219
24 Jan 2022,84.91,86.09,81.9,83.31,83.31,511695
21 Jan 2022,84.57,85.56,82.78,85.14,85.14,509103
20 Jan 2022,86.23,87.82,86,86.9,86.9,532202
19 Jan 2022,86.61,87.91,85.77,86.96,86.96,113153
18 Jan 2022,84.32,86.63,83.5,85.43,85.43,163643
14 Jan 2022,81.73,84.45,81.58,83.82,83.82,364442
13 Jan 2022,82.82,82.94,81.39,82.12,82.12,364769
12 Jan 2022,81.38,83.1,81.17,82.64,82.64,420619
11 Jan 2022,78.42,81.59,78.36,81.22,81.22,481815
10 Jan 2022,78.88,79.45,77.83,78.23,78.23,389956
07 Jan 2022,79.62,80.47,78.52,78.9,78.9,414434
06 Jan 2022,77.24,80.24,76.73,79.46,79.46,476665
05 Jan 2022,77.18,78.58,76.51,77.85,77.85,397898
04 Jan 2022,76.02,77.64,75.7,76.99,76.99,372848
03 Jan 2022,75.69,76.46,74.27,76.08,76.08,317628
31 Dec 2021,76.66,77.08,74.95,75.21,75.21,237118
30 Dec 2021,76.58,77.44,75.78,76.99,76.99,231163
29 Dec 2021,76.04,77.37,75.36,76.56,76.56,283557
28 Dec 2021,75.97,76.92,75.53,75.98,75.98,249728
27 Dec 2021,73.38,76.09,72.57,75.57,75.57,268490
23 Dec 2021,73.03,73.95,72.27,73.79,73.79,270223
22 Dec 2021,71.27,73.16,70.8,72.76,72.76,306709
21 Dec 2021,69.21,71.55,68.56,71.12,71.12,358779
20 Dec 2021,70.07,70.07,66.04,68.23,68.23,492217
17 Dec 2021,71.92,72.26,69.89,70.86,70.86,78125
16 Dec 2021,71.48,72.99,71.03,72.38,72.38,142541
15 Dec 2021,70.35,71.66,69.39,70.87,70.87,294337
14 Dec 2021,71.12,72.03,69.51,70.73,70.73,359454
13 Dec 2021,72.04,73,70.71,71.29,71.29,406604
10 Dec 2021,70.68,72.33,70.32,71.67,71.67,397883
09 Dec 2021,72.52,73.34,70.39,70.94,70.94,393205
08 Dec 2021,71.86,73,70.91,72.36,72.36,464846
07 Dec 2021,69.72,73.03,69.52,72.05,72.05,496528
06 Dec 2021,67.02,70.15,66.72,69.49,69.49,401060
03 Dec 2021,67.5,69.22,65.6,66.26,66.26,449974
02 Dec 2021,65.63,67.49,62.43,66.5,66.5,668293
01 Dec 2021,67.01,69.49,64.84,65.57,65.57,602447
30 Nov 2021,70.04,71.22,64.43,66.18,66.18,722475
29 Nov 2021,69.23,72.93,68.86,69.95,69.95,675090
26 Nov 2021,78.34,78.65,67.4,68.15,68.15,844630
25 Nov 2021,78.34,78.65,77.76,78.03,78.03,328848
24 Nov 2021,78.48,79.23,77.98,78.39,78.39,328848
23 Nov 2021,76.46,78.86,75.3,78.5,78.5,506987
22 Nov 2021,75.75,77.16,74.76,76.75,76.75,465768
19 Nov 2021,78.76,79.92,75.37,76.1,76.1,623448
18 Nov 2021,78.34,79.36,77.08,79.01,79.01,83984
17 Nov 2021,80.54,80.69,77.69,78.36,78.36,174471
16 Nov 2021,80.93,81.81,80.03,80.76,80.76,325668
15 Nov 2021,80.66,81.2,79.3,80.88,80.88,343484
12 Nov 2021,81.21,81.62,79.78,80.79,80.79,390304
11 Nov 2021,81.41,82.33,80.2,81.59,81.59,475436
10 Nov 2021,84.53,84.97,80.81,81.34,81.34,555215
09 Nov 2021,82.16,84.63,81.78,84.15,84.15,504832
08 Nov 2021,81.13,82.67,81.05,81.93,81.93,393953
05 Nov 2021,79.37,81.8,78.96,81.27,81.27,531054
04 Nov 2021,80.18,83.42,78.25,78.81,78.81,701119
03 Nov 2021,83.07,83.08,79.69,80.86,80.86,546577
02 Nov 2021,83.87,84.41,82.92,83.91,83.91,429608
01 Nov 2021,83.36,84.88,82.74,84.05,84.05,412309
29 Oct 2021,83.09,83.74,81.41,83.57,83.57,507309
28 Oct 2021,82.25,83.21,80.58,82.81,82.81,491585
27 Oct 2021,84.39,84.51,82.01,82.66,82.66,529952
26 Oct 2021,83.72,84.88,82.97,84.65,84.65,467716
25 Oct 2021,83.98,85.41,83.39,83.76,83.76,568725
22 Oct 2021,82.61,84.22,81.76,83.76,83.76,465355
21 Oct 2021,83.58,83.96,80.79,82.5,82.5,567503
20 Oct 2021,83.34,84.25,81.3,83.87,83.87,530693
19 Oct 2021,82.37,83.74,81.8,82.96,82.96,82607
18 Oct 2021,82.6,83.87,81.84,82.44,82.44,134098
15 Oct 2021,81.48,82.66,81.39,82.28,82.28,277953
14 Oct 2021,80.59,81.68,80.38,81.31,81.31,399813
13 Oct 2021,80.58,81.04,79.42,80.44,80.44,487220
12 Oct 2021,80.5,81.62,79.47,80.64,80.64,598181
11 Oct 2021,79.59,82.18,79.55,80.52,80.52,653756
08 Oct 2021,78.86,80.11,78.63,79.35,79.35,662010
07 Oct 2021,77,78.89,74.96,78.3,78.3,545008
06 Oct 2021,79.04,79.78,76.83,77.43,77.43,459055
05 Oct 2021,77.58,79.48,77.47,78.93,78.93,449617
04 Oct 2021,75.9,78.38,75.32,77.62,77.62,458006
01 Oct 2021,75.12,75.99,74.23,75.88,75.88,388996
30 Sept 2021,74.78,76.07,73.14,75.03,75.03,583189
29 Sept 2021,74.38,75.79,73.74,74.83,74.83,424193
28 Sept 2021,75.43,76.67,74.24,75.29,75.29,476143
27 Sept 2021,74.19,75.75,74.16,75.45,75.45,417829
24 Sept 2021,73.24,74.27,72.81,73.98,73.98,350382
23 Sept 2021,71.97,73.5,71.61,73.3,73.3,403405
22 Sept 2021,70.85,72.3,70.64,72.23,72.23,381061
21 Sept 2021,70.59,71.63,69.67,70.56,70.56,393403
20 Sept 2021,71.92,72.08,69.86,70.29,70.29,75837
17 Sept 2021,72.62,72.72,71.21,71.97,71.97,119933
16 Sept 2021,72.65,72.99,71.53,72.61,72.61,298412
15 Sept 2021,70.76,73.14,70.65,72.61,72.61,418665
14 Sept 2021,70.64,71.22,69.98,70.46,70.46,414231
13 Sept 2021,69.74,70.97,69.51,70.45,70.45,390939
10 Sept 2021,67.97,69.96,67.68,69.72,69.72,411079
09 Sept 2021,69.36,69.89,67.56,68.14,68.14,556451
08 Sept 2021,68.37,69.75,68.31,69.3,69.3,389325
07 Sept 2021,69.11,69.48,67.64,68.35,68.35,481704
03 Sept 2021,69.76,70.53,69.05,69.29,69.29,313086
02 Sept 2021,68.29,70.61,67.84,69.99,69.99,403314
01 Sept 2021,68.55,69.24,67.12,68.59,68.59,399497
31 Aug 2021,69.18,69.34,68.16,68.5,68.5,325853
30 Aug 2021,69.3,69.64,67.67,69.21,69.21,360797
27 Aug 2021,67.75,69.05,67.52,68.74,68.74,326056
26 Aug 2021,68,68.31,67.02,67.42,67.42,344286
25 Aug 2021,67.63,68.54,66.92,68.36,68.36,353742
24 Aug 2021,65.54,67.8,65.41,67.54,67.54,335888
23 Aug 2021,61.96,66,61.74,65.64,65.64,397290
20 Aug 2021,64.05,64.1,62.11,62.32,62.32,365009
19 Aug 2021,64.58,64.76,62.63,63.69,63.69,88237
18 Aug 2021,66.58,67.48,64.34,65.46,65.46,121197
17 Aug 2021,67.43,67.72,66.33,66.59,66.59,235303
16 Aug 2021,68.13,68.14,65.73,67.29,67.29,334844
13 Aug 2021,68.91,69.22,67.77,68.44,68.44,272033
12 Aug 2021,69.36,69.62,68.46,69.09,69.09,352465
11 Aug 2021,68.51,69.45,66.67,69.25,69.25,513292
10 Aug 2021,66.85,68.9,66.56,68.29,68.29,452126
09 Aug 2021,67.88,67.9,65.15,66.48,66.48,598381
06 Aug 2021,69.14,70.18,67.8,68.28,68.28,537136
05 Aug 2021,68.06,69.35,67.61,69.09,69.09,416331
04 Aug 2021,70.32,70.81,67.85,68.15,68.15,582924
03 Aug 2021,71.52,71.96,69.19,70.56,70.56,509938
02 Aug 2021,73.91,73.95,70.55,71.26,71.26,448200
30 Jul 2021,73.41,74.23,72.93,73.95,73.95,303700
29 Jul 2021,72.4,73.68,72.26,73.62,73.62,294462
28 Jul 2021,71.9,72.6,71.7,72.39,72.39,318911
27 Jul 2021,72.22,72.33,71.08,71.65,71.65,333123
26 Jul 2021,72.18,72.43,70.56,71.91,71.91,395743
23 Jul 2021,71.71,72.21,71.39,72.07,72.07,274778
22 Jul 2021,70.22,72.03,69.86,71.91,71.91,435181
21 Jul 2021,66.45,70.51,66.44,70.3,70.3,503030
20 Jul 2021,66.6,67.65,65.21,67.42,67.42,561629
19 Jul 2021,71.49,71.67,65.63,66.42,66.42,82565
16 Jul 2021,71.48,72.3,70.41,71.81,71.81,133926
15 Jul 2021,72.96,72.96,71.4,71.65,71.65,368679
14 Jul 2021,75.17,75.44,72.21,73.13,73.13,528360
13 Jul 2021,74.18,75.52,73.68,75.25,75.25,444078
12 Jul 2021,74.74,74.93,73.16,74.1,74.1,397931
09 Jul 2021,73.26,74.76,72.72,74.56,74.56,422154
08 Jul 2021,72.17,73.26,70.76,72.94,72.94,529690
07 Jul 2021,73.85,74.86,71.07,72.2,72.2,607971
06 Jul 2021,75.35,76.98,72.94,73.37,73.37,714044
02 Jul 2021,75.02,75.62,74.41,75.16,75.16,377531
01 Jul 2021,73.5,76.22,73.39,75.23,75.23,615678
30 Jun 2021,73.47,74.14,72.82,73.47,73.47,383626
29 Jun 2021,72.78,73.81,71.97,72.98,72.98,321448
28 Jun 2021,73.99,74.45,72.62,72.91,72.91,354701
25 Jun 2021,73.32,74.18,72.85,74.05,74.05,364721
24 Jun 2021,73.28,73.61,72.32,73.3,73.3,334833
23 Jun 2021,72.91,74.25,72.82,73.08,73.08,429207
22 Jun 2021,73.41,73.95,72.94,73.06,73.06,498555
21 Jun 2021,71.52,73.96,71.15,73.66,73.66,123662
18 Jun 2021,71.1,72.17,70.16,71.64,71.64,139584
17 Jun 2021,71.65,72.3,69.77,71.04,71.04,373780
16 Jun 2021,72.45,72.99,71.61,72.15,72.15,426775
15 Jun 2021,71.16,72.49,70.81,72.12,72.12,336035
14 Jun 2021,70.65,71.78,70.65,70.88,70.88,319639
11 Jun 2021,70.1,71.24,69.68,70.91,70.91,563575
10 Jun 2021,69.76,70.65,68.68,70.29,70.29,492464
09 Jun 2021,70.01,70.62,69.46,69.96,69.96,410820
08 Jun 2021,69.29,70.27,68.47,70.05,70.05,441302
07 Jun 2021,69.52,70,68.93,69.23,69.23,365621
04 Jun 2021,68.91,69.76,68.33,69.62,69.62,326250
03 Jun 2021,68.76,69.4,68.19,68.81,68.81,351367
02 Jun 2021,67.99,69,67.78,68.83,68.83,332995
01 Jun 2021,66.68,68.87,66.41,67.72,67.72,570985
28 May 2021,66.95,67.52,66.17,66.32,66.32,390461
27 May 2021,66.16,66.92,65.47,66.85,66.85,337542
26 May 2021,66.04,66.43,65.25,66.21,66.21,376207
25 May 2021,66.02,66.51,65.41,66.07,66.07,497394
24 May 2021,63.87,66.14,63.63,66.05,66.05,466647
21 May 2021,61.89,64.07,61.56,63.58,63.58,530831
20 May 2021,63.39,63.96,61.89,62.05,62.05,524168
19 May 2021,65.28,65.35,61.95,63.36,63.36,101902
18 May 2021,66.33,67.01,64.11,65.49,65.49,167348
17 May 2021,65.5,66.43,64.83,66.27,66.27,268476
14 May 2021,63.83,65.62,63.33,65.37,65.37,383749
13 May 2021,65.75,65.81,63.09,63.82,63.82,547691
12 May 2021,65.46,66.63,64.97,66.08,66.08,508519
11 May 2021,64.9,65.5,63.68,65.28,65.28,514949
10 May 2021,65.57,65.75,63.95,64.92,64.92,448337
07 May 2021,64.9,65.24,63.9,64.9,64.9,431417
06 May 2021,65.27,65.98,64.5,64.71,64.71,389214
05 May 2021,66.45,66.76,64.92,65.63,65.63,460066
04 May 2021,64.53,66.19,64.29,65.69,65.69,370208
03 May 2021,63.64,64.68,62.91,64.49,64.49,285969
30 Apr 2021,64.88,64.95,63.08,63.58,63.58,400515
29 Apr 2021,63.7,65.47,63.65,65.01,65.01,384489
28 Apr 2021,63.04,64.53,62.67,63.86,63.86,387683
27 Apr 2021,61.97,63.3,61.91,62.94,62.94,361536
26 Apr 2021,62.06,62.31,60.66,61.91,61.91,366865
23 Apr 2021,61.65,62.43,61.25,62.14,62.14,345407
22 Apr 2021,61.11,61.87,60.61,61.43,61.43,344700
21 Apr 2021,62.39,62.56,60.86,61.35,61.35,431486
20 Apr 2021,63.47,64.25,61.5,62.44,62.44,476046
19 Apr 2021,62.98,63.63,62.63,63.38,63.38,74384
16 Apr 2021,63.32,63.88,62.83,63.13,63.13,87795
15 Apr 2021,62.83,63.57,62.53,63.46,63.46,243370
14 Apr 2021,60.44,63.44,60.38,63.15,63.15,419813
13 Apr 2021,59.64,60.59,59.64,60.18,60.18,349733
12 Apr 2021,59.35,60.77,58.73,59.7,59.7,410218
09 Apr 2021,59.76,59.95,59.1,59.32,59.32,351436
08 Apr 2021,59.52,59.93,58.82,59.6,59.6,419913
07 Apr 2021,59.26,60.04,58.12,59.77,59.77,475537
06 Apr 2021,58.8,60.9,58.62,59.33,59.33,457348
05 Apr 2021,61.5,61.5,57.63,58.65,58.65,438864
01 Apr 2021,59.49,61.75,58.86,61.45,61.45,605567
31 Mar 2021,60.45,61.17,58.85,59.16,59.16,414162
30 Mar 2021,61.96,62.27,59.94,60.55,60.55,388188
29 Mar 2021,60.93,61.77,59.41,61.56,61.56,449360
26 Mar 2021,58.48,61.36,58.32,60.97,60.97,471996
25 Mar 2021,60.8,60.86,57.44,58.56,58.56,580105
24 Mar 2021,57.4,61.34,57.29,61.18,61.18,566291
23 Mar 2021,61.28,61.35,57.25,57.76,57.76,712317
22 Mar 2021,61.55,61.9,60.39,61.55,61.55,404370
19 Mar 2021,59.56,61.72,58.94,61.42,61.42,84171
18 Mar 2021,64.42,64.82,58.2,60,60,143597
17 Mar 2021,64.75,65.34,63.6,64.6,64.6,254724
16 Mar 2021,65.33,65.43,63.8,64.8,64.8,317537
15 Mar 2021,65.56,66.4,64.13,65.39,65.39,378009
12 Mar 2021,65.96,66.24,65.41,65.61,65.61,321714
11 Mar 2021,64.7,66.21,64.54,66.02,66.02,441063
10 Mar 2021,63.84,64.96,63.13,64.44,64.44,498488
09 Mar 2021,64.73,65.98,63.63,64.01,64.01,554564
08 Mar 2021,66.68,67.98,64.57,65.05,65.05,533376
05 Mar 2021,64.16,66.42,63.82,66.09,66.09,573168
04 Mar 2021,61.08,64.86,60.52,63.83,63.83,694628
03 Mar 2021,59.55,61.99,59.24,61.28,61.28,465311
02 Mar 2021,60.23,61.21,59.38,59.75,59.75,464133
01 Mar 2021,61.95,62.92,59.96,60.64,60.64,456679
26 Feb 2021,63.46,63.57,61.34,61.5,61.5,472723
25 Feb 2021,63.39,63.81,62.65,63.53,63.53,510357
24 Feb 2021,61.29,63.51,60.97,63.22,63.22,489933
23 Feb 2021,62.16,63,60.67,61.67,61.67,570677
22 Feb 2021,58.88,61.84,58.82,61.49,61.49,505773
19 Feb 2021,60.2,60.29,58.59,59.24,59.24,102427
18 Feb 2021,61.68,62.26,59.79,60.52,60.52,132035
17 Feb 2021,60.24,61.73,59.43,61.14,61.14,335419
16 Feb 2021,59.98,60.95,59.33,60.05,60.05,602332
12 Feb 2021,57.94,59.82,57.41,59.47,59.47,480822
11 Feb 2021,58.4,58.71,57.84,58.24,58.24,380445
10 Feb 2021,58.45,58.91,58.08,58.68,58.68,457535
09 Feb 2021,58.11,58.62,57.27,58.36,58.36,514698
08 Feb 2021,57.06,58.14,57,57.97,57.97,399724
05 Feb 2021,56.46,57.29,56.43,56.85,56.85,400833
04 Feb 2021,55.96,56.58,55.3,56.23,56.23,381404
03 Feb 2021,55.05,56.33,54.81,55.69,55.69,448693
02 Feb 2021,53.48,55.26,53.45,54.76,54.76,463718
01 Feb 2021,51.99,53.74,51.64,53.55,53.55,416067
29 Jan 2021,52.15,53.25,51.93,52.2,52.2,410914
28 Jan 2021,52.65,53.58,52.04,52.34,52.34,411406
27 Jan 2021,52.76,53.3,51.85,52.85,52.85,442376
26 Jan 2021,52.91,53.25,52.29,52.61,52.61,314538
25 Jan 2021,52.17,52.95,51.82,52.77,52.77,349076
22 Jan 2021,53.1,53.16,51.44,52.27,52.27,437484
21 Jan 2021,52.93,53.41,52.75,53.13,53.13,352397
20 Jan 2021,53.13,53.79,53.05,53.24,53.24,400301
19 Jan 2021,52,53.13,51.76,52.98,52.98,125964
15 Jan 2021,53.8,53.83,51.83,52.36,52.36,165668
14 Jan 2021,52.84,53.75,52.24,53.57,53.57,390087
13 Jan 2021,53.31,53.93,52.58,52.91,52.91,429898
12 Jan 2021,52.18,53.45,52.07,53.21,53.21,400200
11 Jan 2021,52.58,52.7,51.5,52.25,52.25,394822
08 Jan 2021,50.93,52.75,50.81,52.24,52.24,499416
07 Jan 2021,50.53,51.28,50.39,50.83,50.83,369292
06 Jan 2021,49.82,50.94,49.48,50.63,50.63,509365
05 Jan 2021,47.38,50.2,47.24,49.93,49.93,643191
04 Jan 2021,48.4,49.83,47.18,47.62,47.62,528525
31 Dec 2020,48.35,48.58,47.77,48.52,48.52,181894
30 Dec 2020,48.13,48.66,47.61,48.4,48.4,266957
29 Dec 2020,47.72,48.35,47.68,48,48,213778
28 Dec 2020,48.23,48.96,47.5,47.62,47.62,238462
24 Dec 2020,48.09,48.62,47.56,48.23,48.23,167390
23 Dec 2020,46.79,48.5,46.16,48.12,48.12,344306
22 Dec 2020,47.93,47.96,46.6,47.02,47.02,295737
21 Dec 2020,48.54,48.61,46.18,47.74,47.74,478098
18 Dec 2020,48.43,49.28,48.1,49.1,49.1,83711
17 Dec 2020,47.85,48.59,47.81,48.36,48.36,96536
16 Dec 2020,47.6,47.94,47.17,47.82,47.82,275331
15 Dec 2020,46.99,47.73,46.54,47.62,47.62,311169
14 Dec 2020,46.73,47.44,45.69,46.99,46.99,403543
11 Dec 2020,46.97,47.29,46.34,46.57,46.57,367305
10 Dec 2020,45.69,47.74,45.52,46.78,46.78,447529
09 Dec 2020,45.6,46.24,44.95,45.52,45.52,434976
08 Dec 2020,45.66,45.93,45.14,45.6,45.6,332641
07 Dec 2020,46.15,46.54,45.36,45.76,45.76,348871
04 Dec 2020,45.64,46.68,45.61,46.26,46.26,335453
03 Dec 2020,44.99,45.84,44.66,45.64,45.64,350768
02 Dec 2020,44.38,45.92,43.92,45.28,45.28,368854
01 Dec 2020,45.08,45.7,44.12,44.55,44.55,314919
30 Nov 2020,45.34,45.8,44.42,45.34,45.34,370755
27 Nov 2020,45.9,46.09,44.55,45.53,45.53,365128
25 Nov 2020,44.82,46.26,44.73,45.71,45.71,417182
24 Nov 2020,42.84,45.2,42.82,44.91,44.91,418527
23 Nov 2020,42.46,43.36,42.29,43.06,43.06,300717
20 Nov 2020,41.7,42.32,41.51,42.15,42.15,276340
19 Nov 2020,41.61,41.98,41.08,41.74,41.74,88144
18 Nov 2020,41.35,42.46,41.08,41.82,41.82,107013
17 Nov 2020,41.44,41.69,40.57,41.43,41.43,243677
16 Nov 2020,40.17,42.09,40.15,41.34,41.34,378785
13 Nov 2020,40.94,40.94,40.06,40.13,40.13,338187
12 Nov 2020,41.47,42.19,40.87,41.12,41.12,401031
11 Nov 2020,41.79,43.06,41.32,41.45,41.45,443772
10 Nov 2020,39.91,41.84,39.41,41.36,41.36,457045
09 Nov 2020,37.34,41.33,37.16,40.29,40.29,622921
06 Nov 2020,38.54,38.61,37.06,37.14,37.14,411026
05 Nov 2020,39.17,39.35,38.27,38.79,38.79,298366
04 Nov 2020,38.15,39.25,37.26,39.15,39.15,437000
03 Nov 2020,37.03,38.32,36.57,37.66,37.66,410611
02 Nov 2020,35.24,37.15,33.64,36.81,36.81,489204
30 Oct 2020,36.07,36.6,35.21,35.79,35.79,388971
29 Oct 2020,37.39,37.76,34.92,36.17,36.17,568816
28 Oct 2020,38.97,39.01,36.97,37.39,37.39,489954
27 Oct 2020,38.59,39.83,38.51,39.57,39.57,339535
26 Oct 2020,39.69,39.74,38.28,38.56,38.56,360184
23 Oct 2020,40.61,40.92,39.57,39.85,39.85,268931
22 Oct 2020,40.04,41.02,39.71,40.64,40.64,307494
21 Oct 2020,41.22,41.59,39.78,40.03,40.03,366899
20 Oct 2020,40.65,41.7,40.25,41.46,41.46,360574
19 Oct 2020,40.69,41.22,40.54,40.83,40.83,75335
16 Oct 2020,40.88,41.05,40.08,40.88,40.88,96488
15 Oct 2020,41.13,41.29,39.22,40.96,40.96,248251
14 Oct 2020,40.19,41.16,39.82,41.04,41.04,328295
13 Oct 2020,39.53,40.53,39.35,40.2,40.2,375470
12 Oct 2020,40.4,40.45,39.04,39.43,39.43,322035
09 Oct 2020,41.31,41.47,40.38,40.6,40.6,331703
08 Oct 2020,39.99,41.33,39.76,41.19,41.19,409787
07 Oct 2020,39.83,40.35,39.28,39.95,39.95,433065
06 Oct 2020,39.35,40.86,39.1,40.67,40.67,400531
05 Oct 2020,37,39.72,37,39.22,39.22,378579
02 Oct 2020,38.6,38.65,36.63,37.05,37.05,391428
01 Oct 2020,39.9,40.47,37.61,38.72,38.72,443442
30 Sept 2020,39.16,40.37,38.68,40.22,40.22,340294
29 Sept 2020,40.58,40.7,38.41,39.29,39.29,379599
28 Sept 2020,40.07,40.8,39.78,40.6,40.6,226425
25 Sept 2020,40.15,40.64,39.71,40.25,40.25,229025
24 Sept 2020,39.6,40.37,39.12,40.31,40.31,269992
23 Sept 2020,39.76,40.75,39.26,39.93,39.93,318754
22 Sept 2020,39.63,40.02,39,39.6,39.6,287807
21 Sept 2020,40.98,41.27,38.66,39.31,39.31,66195
18 Sept 2020,40.97,41.49,40.3,41.11,41.11,85906
17 Sept 2020,40.19,41.22,39.42,40.97,40.97,280669
16 Sept 2020,38.35,40.34,38.35,40.16,40.16,367612
15 Sept 2020,37.28,38.57,37.06,38.28,38.28,348861
14 Sept 2020,37.32,37.68,36.82,37.26,37.26,347563
11 Sept 2020,37.01,37.82,36.67,37.33,37.33,363787
10 Sept 2020,37.8,38.18,36.93,37.3,37.3,367555
09 Sept 2020,36.79,38.45,36.16,38.05,38.05,455356
08 Sept 2020,39.48,39.59,36.13,36.76,36.76,720975
04 Sept 2020,41.25,41.87,39.35,39.77,39.77,444184
03 Sept 2020,41.63,41.79,40.22,41.37,41.37,417634
02 Sept 2020,43.02,43.21,41.23,41.51,41.51,421771
01 Sept 2020,42.83,43.43,42.72,42.76,42.76,285146
31 Aug 2020,42.91,43.57,42.56,42.61,42.61,236877
28 Aug 2020,42.98,43.42,42.69,42.97,42.97,272800
27 Aug 2020,43.45,43.5,42.36,43.04,43.04,320968
26 Aug 2020,43.39,43.78,43,43.39,43.39,262243
25 Aug 2020,42.36,43.57,42.31,43.35,43.35,330800
24 Aug 2020,42.48,42.89,42.23,42.62,42.62,294731
21 Aug 2020,42.75,42.96,41.46,42.34,42.34,345368
20 Aug 2020,42.74,42.79,41.5,42.58,42.58,377070
19 Aug 2020,42.6,43.03,42.36,42.93,42.93,81299
18 Aug 2020,42.79,42.99,42.11,42.89,42.89,111628
17 Aug 2020,42.24,42.97,41.8,42.89,42.89,208429
14 Aug 2020,42.33,42.57,41.62,42.01,42.01,310866
13 Aug 2020,42.57,42.84,42.09,42.24,42.24,329507
12 Aug 2020,41.62,42.9,41.53,42.67,42.67,397831
11 Aug 2020,41.98,42.94,41.48,41.61,41.61,432843
10 Aug 2020,41.5,42.33,41.17,41.94,41.94,367796
07 Aug 2020,41.97,42.22,41.06,41.22,41.22,398997
06 Aug 2020,42.19,42.65,41.61,41.95,41.95,359610
05 Aug 2020,41.56,43.52,41.47,42.19,42.19,491268
04 Aug 2020,40.78,42.08,40.14,41.7,41.7,451575
03 Aug 2020,40.39,41.24,39.58,41.01,41.01,338326
31 Jul 2020,40.34,40.55,39.66,40.27,40.27,318788
30 Jul 2020,41.32,41.39,38.72,39.92,39.92,487325
29 Jul 2020,41.13,41.57,40.93,41.27,41.27,295855
28 Jul 2020,41.65,41.93,40.85,41.04,41.04,276804
27 Jul 2020,41.26,41.82,40.48,41.6,41.6,377714
24 Jul 2020,41.06,41.67,40.66,41.29,41.29,353159
23 Jul 2020,41.95,42.36,40.83,41.07,41.07,389412
22 Jul 2020,41.54,42.03,41.14,41.9,41.9,333647
21 Jul 2020,40.65,42.4,40.64,41.96,41.96,389117
20 Jul 2020,40.64,40.91,39.83,40.81,40.81,60179
17 Jul 2020,40.72,40.9,40.02,40.59,40.59,88220
16 Jul 2020,40.97,41.18,40.52,40.75,40.75,200101
15 Jul 2020,40.55,41.26,40.08,41.2,41.2,352542
14 Jul 2020,39.6,40.57,39.07,40.29,40.29,426971
13 Jul 2020,40.35,40.72,39.47,40.1,40.1,370715
10 Jul 2020,39.58,40.77,38.54,40.55,40.55,393149
09 Jul 2020,40.87,40.99,39.27,39.62,39.62,367386
08 Jul 2020,40.48,41.08,40.3,40.9,40.9,286740
07 Jul 2020,40.68,40.95,39.9,40.62,40.62,256596
06 Jul 2020,40.38,41.08,39.84,40.63,40.63,373236
02 Jul 2020,39.78,40.74,39.46,40.65,40.65,347096
01 Jul 2020,39.84,40.58,39.05,39.82,39.82,407170
30 Jun 2020,39.64,40.08,38.85,39.27,39.27,370059
29 Jun 2020,37.96,39.89,37.5,39.7,39.7,343913
26 Jun 2020,39.09,39.35,37.79,38.49,38.49,356712
25 Jun 2020,38.05,39.23,37.08,38.72,38.72,451640
24 Jun 2020,39.99,40.54,37.31,38.01,38.01,499490
23 Jun 2020,40.68,41.63,39.76,40.37,40.37,368730
22 Jun 2020,39.18,40.7,39.12,40.46,40.46,315264
19 Jun 2020,38.85,40.49,38.4,39.75,39.75,64113
18 Jun 2020,37.74,38.97,37.11,38.84,38.84,113384
17 Jun 2020,37.93,38.75,37.21,37.96,37.96,239516
16 Jun 2020,37.05,39.06,36.38,38.38,38.38,366323
15 Jun 2020,36.03,37.26,34.36,37.12,37.12,387546
12 Jun 2020,36.26,36.99,34.48,36.26,36.26,406508
11 Jun 2020,39.09,39.09,35.41,36.34,36.34,513912
10 Jun 2020,38.5,39.91,37.73,39.6,39.6,385868
09 Jun 2020,38.22,39.1,37.07,38.94,38.94,396033
08 Jun 2020,39.41,40.44,37.96,38.19,38.19,416639
05 Jun 2020,37.33,39.68,37.05,39.55,39.55,396856
04 Jun 2020,36.76,37.62,36.38,37.41,37.41,307612
03 Jun 2020,36.86,38.18,35.88,37.29,37.29,494253
02 Jun 2020,35.56,37.06,35.28,36.81,36.81,343483
01 Jun 2020,35.21,35.9,34.27,35.44,35.44,385710
29 May 2020,33.68,35.77,32.36,35.49,35.49,443647
28 May 2020,32.1,34.21,31.14,33.71,33.71,440168
27 May 2020,34.14,34.32,31.75,32.81,32.81,415246
26 May 2020,33.3,34.81,32.48,34.35,34.35,466737
22 May 2020,33.95,34,30.72,33.25,33.25,429036
21 May 2020,33.53,34.66,33.26,33.92,33.92,372814
20 May 2020,31.89,33.78,31.56,33.49,33.49,406431
19 May 2020,32.83,33.44,31.34,32.5,32.5,430823
18 May 2020,29.53,33.32,29.53,31.82,31.82,89376
15 May 2020,27.64,29.92,27.24,29.43,29.43,108016
14 May 2020,25.56,27.96,25.18,27.56,27.56,160507
13 May 2020,25.3,26.45,24.79,25.29,25.29,150864
12 May 2020,24.49,26.23,24.22,25.78,25.78,212335
11 May 2020,24.49,25.58,23.67,24.14,24.14,179591
08 May 2020,23.35,24.99,23.26,24.74,24.74,205181
07 May 2020,24.09,26.74,22.94,23.55,23.55,310261
06 May 2020,25.52,26.08,22.58,23.99,23.99,381165
05 May 2020,21.24,25.49,21.13,24.56,24.56,387240
04 May 2020,19.11,21.42,18.05,20.39,20.39,311488
01 May 2020,19.04,20.48,18.07,19.78,19.78,403201
30 Apr 2020,15.64,19.44,15.45,18.84,18.84,545344
29 Apr 2020,13.35,16.78,12.67,15.06,15.06,554134
28 Apr 2020,12.96,13.69,10.07,12.34,12.34,897087
27 Apr 2020,16.84,16.98,11.88,12.78,12.78,623201
24 Apr 2020,16.78,17.97,15.64,16.94,16.94,600220
23 Apr 2020,14.2,18.26,13.35,16.5,16.5,833584
22 Apr 2020,13.12,16.18,10.26,13.78,13.78,1235218
21 Apr 2020,-14,13.86,-16.74,10.01,10.01,2288230
20 Apr 2020,17.73,17.85,-40.32,-37.63,-37.63,247947
17 Apr 2020,20,20.22,17.31,18.27,18.27,240628
16 Apr 2020,20.15,20.53,19.42,19.87,19.87,350942
15 Apr 2020,20.72,20.89,19.2,19.87,19.87,544797
14 Apr 2020,22.36,23.08,19.95,20.11,20.11,785478
13 Apr 2020,24.6,24.74,22.03,22.41,22.41,775120
09 Apr 2020,26.28,28.36,22.57,22.76,22.76,1122149
08 Apr 2020,24.3,26.45,23.74,25.09,25.09,823554
07 Apr 2020,26.34,27.24,23.54,23.63,23.63,797707
06 Apr 2020,26.09,28.24,25.28,26.08,26.08,752710
03 Apr 2020,24.81,29.13,23.52,28.34,28.34,1007577
02 Apr 2020,21.22,27.39,20.76,25.32,25.32,1095972
01 Apr 2020,20.1,21.55,19.9,20.31,20.31,703286
31 Mar 2020,20.23,21.89,20.01,20.48,20.48,660082
30 Mar 2020,20.93,20.93,19.27,20.09,20.09,758711
27 Mar 2020,23.29,23.44,20.88,21.51,21.51,603124
26 Mar 2020,24.25,24.65,22.38,22.6,22.6,633877
25 Mar 2020,24.37,25.24,22.91,24.49,24.49,618725
24 Mar 2020,23.87,25.16,23.09,24.01,24.01,659697
23 Mar 2020,22.52,24.07,20.8,23.36,23.36,852951
20 Mar 2020,24.73,27.89,19.46,22.43,22.43,1133808
19 Mar 2020,22.3,27.71,21.36,25.22,25.22,136722
18 Mar 2020,26.94,27.22,20.06,20.37,20.37,309481
17 Mar 2020,28.69,30.3,26.63,26.95,26.95,545820
16 Mar 2020,33.75,33.75,28.1,28.7,28.7,698829
13 Mar 2020,30.77,33.87,30.33,31.73,31.73,743129
12 Mar 2020,33.07,33.63,30.02,31.5,31.5,1025036
11 Mar 2020,34.62,36.35,32.56,32.98,32.98,874646
10 Mar 2020,30.37,35.02,30.2,34.36,34.36,1064632
09 Mar 2020,32.87,34.88,27.34,31.13,31.13,1774383
06 Mar 2020,46.09,46.38,41.05,41.28,41.28,1276180
05 Mar 2020,47.13,47.57,45.65,45.9,45.9,704591
04 Mar 2020,46.94,48.41,46.65,46.78,46.78,745856
03 Mar 2020,47.72,48.66,46.47,47.18,47.18,1011933
02 Mar 2020,43.7,47.56,43.32,46.75,46.75,949471
28 Feb 2020,46.49,47.03,43.85,44.76,44.76,1101659
27 Feb 2020,48.63,48.78,45.88,47.09,47.09,1011915
26 Feb 2020,50.08,50.44,48.3,48.73,48.73,884482
25 Feb 2020,51.37,52.02,49.69,49.9,49.9,764989
24 Feb 2020,52.6,52.64,50.45,51.43,51.43,765515
21 Feb 2020,53.74,53.86,52.55,53.38,53.38,707555
20 Feb 2020,53.5,54.5,53.22,53.78,53.78,676179
19 Feb 2020,52.12,53.66,51.93,53.29,53.29,113683
18 Feb 2020,52.23,52.41,50.88,52.05,52.05,221774
14 Feb 2020,51.51,52.34,51.32,52.05,52.05,607343
13 Feb 2020,51.72,51.96,50.6,51.42,51.42,745400
12 Feb 2020,49.96,51.73,49.95,51.17,51.17,795256
11 Feb 2020,49.61,50.69,49.58,49.94,49.94,725733
10 Feb 2020,50.12,50.49,49.42,49.57,49.57,715894
07 Feb 2020,51.11,51.48,50.09,50.32,50.32,768345
06 Feb 2020,51.17,52.2,50.24,50.95,50.95,750659
05 Feb 2020,49.51,51.88,49.47,50.75,50.75,887946
04 Feb 2020,49.94,51.55,49.31,49.61,49.61,859357
03 Feb 2020,51.01,51.97,49.8,50.11,50.11,876044
31 Jan 2020,52.92,53.36,50.97,51.56,51.56,827907
30 Jan 2020,53.09,53.2,51.66,52.14,52.14,720123
29 Jan 2020,53.97,54.37,52.81,53.33,53.33,624979
28 Jan 2020,52.77,54.06,52.68,53.48,53.48,633963
27 Jan 2020,53.7,53.71,52.13,53.14,53.14,712880
24 Jan 2020,55.69,55.95,53.85,54.19,54.19,586195
23 Jan 2020,56.11,56.27,54.77,55.59,55.59,703995
22 Jan 2020,58.26,58.38,56.03,56.74,56.74,620119
21 Jan 2020,59.17,59.73,57.68,58.34,58.34,648335
17 Jan 2020,58.59,58.98,58.27,58.54,58.54,122561
16 Jan 2020,58.1,58.87,57.56,58.52,58.52,182871
15 Jan 2020,58.2,58.36,57.36,57.81,57.81,433169
14 Jan 2020,58.03,58.72,57.72,58.23,58.23,507714
13 Jan 2020,59.04,59.27,57.91,58.08,58.08,584002
10 Jan 2020,59.61,59.78,58.85,59.04,59.04,596186
09 Jan 2020,59.99,60.31,58.66,59.56,59.56,750933
08 Jan 2020,62.84,65.65,59.15,59.61,59.61,1205710
07 Jan 2020,62.91,63.15,62.11,62.7,62.7,582649
06 Jan 2020,63.71,64.72,62.64,63.27,63.27,724236
03 Jan 2020,61.18,64.09,61.13,63.05,63.05,885861
02 Jan 2020,61.6,61.6,60.64,61.18,61.18,486873
31 Dec 2019,61.68,61.88,60.63,61.06,61.06,494535
30 Dec 2019,61.71,62.34,61.09,61.68,61.68,427149
27 Dec 2019,61.73,61.97,61.24,61.72,61.72,351899
26 Dec 2019,61.2,61.83,61.06,61.68,61.68,265091
24 Dec 2019,60.63,61.16,60.47,61.11,61.11,204535
23 Dec 2019,60.41,60.77,60.1,60.52,60.52,314711
20 Dec 2019,61.11,61.2,60.02,60.44,60.44,552517
19 Dec 2019,60.86,61.47,60.79,61.22,61.22,426341
18 Dec 2019,60.55,61.18,60.32,60.93,60.93,131071
17 Dec 2019,60.23,61.06,60.03,60.94,60.94,163744
16 Dec 2019,59.87,60.34,59.71,60.21,60.21,347395
13 Dec 2019,59.36,60.48,59.27,60.07,60.07,512288
12 Dec 2019,58.88,59.72,58.75,59.18,59.18,530851
11 Dec 2019,59.06,59.22,58.11,58.76,58.76,589650
10 Dec 2019,58.92,59.52,58.52,59.24,59.24,566822
09 Dec 2019,59.11,59.25,58.23,59.02,59.02,511561
06 Dec 2019,58.32,59.85,57.7,59.2,59.2,679609
05 Dec 2019,58.36,59.12,58.1,58.43,58.43,649461
04 Dec 2019,56.43,58.66,56.28,58.43,58.43,760541
03 Dec 2019,55.96,56.8,55.35,56.1,56.1,560554
02 Dec 2019,55.47,56.67,55.42,55.96,55.96,616423
29 Nov 2019,58.13,58.3,55.02,55.17,55.17,718724
27 Nov 2019,58.27,58.68,57.51,58.11,58.11,454256
26 Nov 2019,57.92,58.56,57.76,58.41,58.41,443816
25 Nov 2019,57.92,58.15,57.21,58.01,58.01,420642
22 Nov 2019,58.31,58.74,57.5,57.77,57.77,508244
21 Nov 2019,57,58.67,56.6,58.58,58.58,593533
20 Nov 2019,55.16,57.25,54.76,57.11,57.11,674891
19 Nov 2019,56.9,57.11,55.04,55.21,55.21,121214
18 Nov 2019,57.88,58.09,56.55,57.05,57.05,159328
15 Nov 2019,56.91,57.97,56.43,57.72,57.72,375993
14 Nov 2019,57.39,57.79,56.63,56.77,56.77,516832
13 Nov 2019,56.79,57.53,56.2,57.12,57.12,547635
12 Nov 2019,56.89,57.55,56.54,56.8,56.8,586568
11 Nov 2019,57.4,57.4,56.25,56.86,56.86,498981
08 Nov 2019,57.08,57.48,55.76,57.24,57.24,636941
07 Nov 2019,56.35,57.88,56.27,57.15,57.15,678165
06 Nov 2019,57.26,57.85,56.11,56.35,56.35,623258
05 Nov 2019,56.56,57.5,56.3,57.23,57.23,435319
04 Nov 2019,56.41,57.43,55.83,56.54,56.54,580350
01 Nov 2019,54.15,56.33,54.07,56.2,56.2,538117
31 Oct 2019,54.9,55.59,53.71,54.18,54.18,677419
30 Oct 2019,55.53,55.73,54.42,55.06,55.06,659328
29 Oct 2019,55.8,55.91,54.61,55.54,55.54,521457
28 Oct 2019,56.65,56.92,55.58,55.81,55.81,437020
25 Oct 2019,56.07,56.74,55.6,56.66,56.66,445020
24 Oct 2019,55.9,56.51,55.41,56.23,56.23,480764
23 Oct 2019,54.3,56.07,53.62,55.97,55.97,620202
22 Oct 2019,53.39,54.62,53.1,54.16,54.16,506573
21 Oct 2019,53.71,54.03,52.71,53.31,53.31,95979
18 Oct 2019,54.09,54.62,53.35,53.78,53.78,174477
17 Oct 2019,52.99,54.16,52.62,53.93,53.93,418422
16 Oct 2019,52.92,53.74,52.52,53.36,53.36,451643
15 Oct 2019,53.51,53.79,52.39,52.81,52.81,511249
14 Oct 2019,54.9,54.9,52.77,53.59,53.59,467643
11 Oct 2019,53.88,54.93,53.64,54.7,54.7,467643
10 Oct 2019,52.69,53.97,51.38,53.55,53.55,613944
09 Oct 2019,52.57,53.74,52.31,52.59,52.59,632666
08 Oct 2019,52.81,53.27,51.81,52.63,52.63,658324
07 Oct 2019,52.69,54.06,52.59,52.75,52.75,549019
04 Oct 2019,52.29,53.35,52.04,52.81,52.81,541104
03 Oct 2019,52.47,52.91,50.99,52.45,52.45,642466
02 Oct 2019,54,54.42,52.17,52.64,52.64,590306
01 Oct 2019,54.28,54.84,53.05,53.62,53.62,589176
30 Sept 2019,56.54,56.57,53.98,54.07,54.07,532522
27 Sept 2019,56.51,56.76,54.75,55.91,55.91,712966
26 Sept 2019,56.69,56.84,55.41,56.41,56.41,599653
25 Sept 2019,56.7,57.02,55.55,56.49,56.49,563550
24 Sept 2019,58.44,58.49,56.69,57.29,57.29,591529
23 Sept 2019,59.25,59.39,57.37,58.64,58.64,526785
20 Sept 2019,58.65,59.1,57.79,58.09,58.09,576019
19 Sept 2019,58.2,59.54,58.01,58.13,58.13,112327
18 Sept 2019,58.81,59.43,57.67,58.11,58.11,216961
17 Sept 2019,61.96,62.59,58.46,59.34,59.34,993237
16 Sept 2019,61.48,63.38,58.77,62.9,62.9,1404916
13 Sept 2019,55.15,55.68,54.44,54.85,54.85,599470
12 Sept 2019,55.93,56.34,54,55.09,55.09,845977
11 Sept 2019,57.89,58.3,55.61,55.75,55.75,858772
10 Sept 2019,58.03,58.76,57.2,57.4,57.4,755472
09 Sept 2019,56.8,58.16,56.58,57.85,57.85,646993
06 Sept 2019,56.19,56.95,54.83,56.52,56.52,714294
05 Sept 2019,55.95,57.76,55.75,56.3,56.3,712466
04 Sept 2019,53.92,56.58,53.84,56.26,56.26,682298
03 Sept 2019,55,55.24,52.84,53.94,53.94,970804
30 Aug 2019,56.63,56.72,54.55,55.1,55.1,708268
29 Aug 2019,55.88,56.89,55.43,56.71,56.71,630760
28 Aug 2019,55.71,56.75,55.34,55.78,55.78,674048
27 Aug 2019,53.76,55.72,53.69,54.93,54.93,596624
26 Aug 2019,53.25,55.26,52.96,53.64,53.64,679022
23 Aug 2019,55.35,55.6,53.24,54.17,54.17,807151
22 Aug 2019,55.94,56.46,54.85,55.35,55.35,621573
21 Aug 2019,56.05,57.13,55.55,55.68,55.68,704035
20 Aug 2019,56.1,56.6,55.28,56.34,56.34,659258
19 Aug 2019,54.96,56.41,54.84,56.21,56.21,113571
16 Aug 2019,54.74,55.67,54.26,54.87,54.87,168345
15 Aug 2019,54.9,55.33,53.77,54.47,54.47,527866
14 Aug 2019,56.74,56.85,53.97,55.23,55.23,718293
13 Aug 2019,54.73,57.47,54.21,57.1,57.1,783486
12 Aug 2019,54.32,55.18,53.54,54.93,54.93,611027
09 Aug 2019,52.88,54.92,52.37,54.5,54.5,726386
08 Aug 2019,52.33,53.06,51.94,52.54,52.54,724762
07 Aug 2019,53.42,53.77,50.52,51.09,51.09,1063214
06 Aug 2019,54.95,55.42,53.29,53.63,53.63,682794
05 Aug 2019,55.38,55.61,54.22,54.69,54.69,823844
02 Aug 2019,54.54,56.05,54.15,55.66,55.66,739810
01 Aug 2019,57.85,57.99,53.59,53.95,53.95,886748
31 Jul 2019,58.34,58.82,57.81,58.58,58.58,614001
30 Jul 2019,57.07,58.47,56.96,58.05,58.05,547401
29 Jul 2019,56.2,57.1,55.81,56.87,56.87,529742
26 Jul 2019,55.93,56.57,55.68,56.2,56.2,476785
25 Jul 2019,55.9,56.99,55.81,56.02,56.02,559282
24 Jul 2019,57.23,57.64,55.33,55.88,55.88,745248
23 Jul 2019,56.17,57.47,55.74,56.77,56.77,521876
22 Jul 2019,56.22,56.84,55.72,56.22,56.22,619483
19 Jul 2019,55.72,56.36,54.99,55.63,55.63,105217
18 Jul 2019,56.6,57.32,54.72,55.3,55.3,215361
17 Jul 2019,57.52,58.36,56.21,56.78,56.78,504432
16 Jul 2019,59.26,60.06,57.07,57.62,57.62,712540
15 Jul 2019,60.25,60.92,59.2,59.58,59.58,566818
12 Jul 2019,60.46,60.74,59.93,60.21,60.21,469029
11 Jul 2019,60.44,60.94,60.14,60.2,60.2,573019
10 Jul 2019,58.4,60.53,58.35,60.43,60.43,690656
09 Jul 2019,57.56,59.1,57.29,57.83,57.83,551872
08 Jul 2019,57.77,58.46,57.3,57.66,57.66,540861
05 Jul 2019,57.38,57.82,56.29,57.51,57.51,698015
03 Jul 2019,56.49,57.48,56.04,57.34,57.34,600131
02 Jul 2019,59.14,59.43,56.09,56.25,56.25,878938
01 Jul 2019,59.27,60.28,58.34,59.09,59.09,674887
28 Jun 2019,59.22,59.8,57.75,58.47,58.47,556101
27 Jun 2019,59.27,59.73,58.61,59.43,59.43,531405
26 Jun 2019,58.84,59.93,58.65,59.38,59.38,686817
25 Jun 2019,57.74,58.84,57.2,57.83,57.83,673140
24 Jun 2019,57.72,58.22,56.75,57.9,57.9,597164
21 Jun 2019,57.26,57.98,56.66,57.43,57.43,676047
20 Jun 2019,54.12,57.02,54.11,56.65,56.65,854514
19 Jun 2019,54.09,54.42,53.28,53.76,53.76,122838
18 Jun 2019,51.95,54.31,51.5,53.9,53.9,181640
17 Jun 2019,52.5,52.74,51.58,51.93,51.93,397868
14 Jun 2019,52.18,52.98,51.7,52.51,52.51,574229
13 Jun 2019,51.07,53.45,50.92,52.28,52.28,945024
12 Jun 2019,53.04,53.05,50.72,51.14,51.14,786105
11 Jun 2019,53.43,54.04,52.91,53.27,53.27,642940
10 Jun 2019,54.24,54.84,53.05,53.26,53.26,687146
07 Jun 2019,53.1,54.32,52.62,53.99,53.99,828133
06 Jun 2019,51.66,53.3,51.17,52.59,52.59,790067
05 Jun 2019,52.86,53.41,50.6,51.68,51.68,943186
04 Jun 2019,52.89,53.78,52.43,53.48,53.48,831625
03 Jun 2019,53.42,54.63,52.11,53.25,53.25,984308
31 May 2019,56.46,56.61,53.05,53.5,53.5,1031488
30 May 2019,59.12,59.7,56.33,56.59,56.59,842281
29 May 2019,59.07,59.14,56.88,58.81,58.81,1124959
28 May 2019,58.94,59.57,58.13,59.14,59.14,1020323
24 May 2019,58.21,59.1,57.5,58.63,58.63,758099
23 May 2019,61.27,61.29,57.33,57.91,57.91,1108052
22 May 2019,62.64,62.78,61.03,61.42,61.42,766728
21 May 2019,63.28,63.6,62.75,62.99,62.99,641680
20 May 2019,63.53,63.81,62.45,63.1,63.1,131888
17 May 2019,63.12,63.64,62.52,62.76,62.76,215802
16 May 2019,62.12,63.48,62.08,62.87,62.87,545679
15 May 2019,61.37,62.34,60.85,62.02,62.02,723001
14 May 2019,60.86,62.11,60.69,61.78,61.78,751668
13 May 2019,61.65,63.33,60.64,61.04,61.04,1003106
10 May 2019,61.64,62.49,61.42,61.66,61.66,786494
09 May 2019,62.02,62.21,60.92,61.7,61.7,769583
08 May 2019,61.44,62.37,61.07,62.12,62.12,791769
07 May 2019,62.17,62.49,60.66,61.4,61.4,842810
06 May 2019,61.43,62.95,60.04,62.25,62.25,768810
03 May 2019,61.55,62.52,61.3,61.94,61.94,646866
02 May 2019,63.61,63.68,60.95,61.81,61.81,914661
01 May 2019,63.4,63.93,62.77,63.6,63.6,676872
30 Apr 2019,63.58,64.75,63.3,63.91,63.91,750494
29 Apr 2019,62.95,63.69,62.46,63.5,63.5,654076
26 Apr 2019,65.13,65.18,62.28,63.3,63.3,1000836
25 Apr 2019,65.81,66.28,64.9,65.21,65.21,603001
24 Apr 2019,66.17,66.43,65.66,65.89,65.89,678386
23 Apr 2019,65.75,66.6,65.58,66.3,66.3,700598
22 Apr 2019,64,65.92,64,65.7,65.7,763527
18 Apr 2019,63.75,64.16,63.46,64,64,148238
17 Apr 2019,64.32,64.61,63.66,63.76,63.76,235376
16 Apr 2019,63.57,64.37,62.99,64.05,64.05,547469
15 Apr 2019,63.76,63.84,63.03,63.4,63.4,555858
12 Apr 2019,63.71,64.65,63.66,63.89,63.89,625588
11 Apr 2019,64.48,64.49,63.31,63.58,63.58,760504
10 Apr 2019,64.22,64.7,64.05,64.61,64.61,722216
09 Apr 2019,64.4,64.79,63.68,63.98,63.98,790677
08 Apr 2019,63.33,64.48,63.13,64.4,64.4,895767
05 Apr 2019,62.18,63.34,61.82,63.08,63.08,686862
04 Apr 2019,62.5,62.77,61.89,62.1,62.1,684973
03 Apr 2019,62.64,62.99,62.05,62.46,62.46,799672
02 Apr 2019,61.81,62.75,61.6,62.58,62.58,793227
01 Apr 2019,60.24,61.8,60.13,61.59,61.59,670808
29 Mar 2019,59.53,60.73,59.41,60.14,60.14,705559
28 Mar 2019,59.4,59.56,58.2,59.3,59.3,712209
27 Mar 2019,60.03,60.22,58.81,59.41,59.41,732150
26 Mar 2019,59.12,60.38,59.04,59.94,59.94,685988
25 Mar 2019,58.98,59.35,58.17,58.82,58.82,705399
22 Mar 2019,59.87,60.07,58.28,59.04,59.04,738840
21 Mar 2019,59.99,60.39,59.66,59.98,59.98,655380
20 Mar 2019,59.02,60.12,58.39,59.83,59.83,786342
19 Mar 2019,59.01,59.57,58.62,59.03,59.03,114822
18 Mar 2019,58.45,59.23,58.05,59.09,59.09,157241
15 Mar 2019,58.51,58.95,57.74,58.52,58.52,507393
14 Mar 2019,58.35,58.74,58,58.61,58.61,567604
13 Mar 2019,57.09,58.48,57.01,58.26,58.26,610616
12 Mar 2019,56.76,57.55,56.74,56.87,56.87,652798
11 Mar 2019,56.07,57.01,55.96,56.79,56.79,597156
08 Mar 2019,56.43,56.51,54.52,56.07,56.07,747358
07 Mar 2019,56.2,56.99,56.08,56.66,56.66,628824
06 Mar 2019,56.28,56.4,55.42,56.22,56.22,637677
05 Mar 2019,56.45,57.19,56.09,56.56,56.56,538399
04 Mar 2019,55.83,57,55.81,56.59,56.59,549396
01 Mar 2019,57.22,57.88,55.57,55.8,55.8,684186
28 Feb 2019,57,57.43,56.43,57.22,57.22,496678
27 Feb 2019,55.95,57.39,55.72,56.94,56.94,577227
26 Feb 2019,55.46,56.08,55.02,55.5,55.5,538919
25 Feb 2019,57.17,57.53,55.08,55.48,55.48,723012
22 Feb 2019,56.84,57.81,56.71,57.26,57.26,513439
21 Feb 2019,57.24,57.61,56.64,56.96,56.96,546202
20 Feb 2019,55.94,57.55,55.48,56.92,56.92,685111
19 Feb 2019,55.78,56.33,55.29,56.09,56.09,153728
15 Feb 2019,54.48,55.87,54.24,55.59,55.59,276907
14 Feb 2019,53.96,54.68,53.08,54.41,54.41,623546
13 Feb 2019,53.35,54.6,53.27,53.9,53.9,706552
12 Feb 2019,52.47,54.05,52.29,53.1,53.1,708312
11 Feb 2019,52.66,52.78,51.23,52.41,52.41,750242
08 Feb 2019,52.59,52.99,52.08,52.72,52.72,621003
07 Feb 2019,53.94,54.21,51.8,52.64,52.64,749010
06 Feb 2019,53.73,54.3,52.86,54.01,54.01,606720
05 Feb 2019,54.86,55.21,53.47,53.66,53.66,609756
04 Feb 2019,55.32,55.75,53.29,54.56,54.56,622472
01 Feb 2019,54.01,55.66,53.37,55.26,55.26,689566
31 Jan 2019,54.28,55.37,53.62,53.79,53.79,718650
30 Jan 2019,53.24,54.93,53.09,54.23,54.23,731312
29 Jan 2019,52.12,53.93,51.84,53.31,53.31,660527
28 Jan 2019,53.56,53.64,51.33,51.99,51.99,650667
25 Jan 2019,53.17,53.94,52.91,53.69,53.69,593385
24 Jan 2019,52.45,53.47,52.07,53.13,53.13,714415
23 Jan 2019,52.95,53.64,51.86,52.62,52.62,702866
22 Jan 2019,53.73,54.24,51.8,52.57,52.57,951158
18 Jan 2019,52.23,53.92,52.09,53.8,53.8,193099
17 Jan 2019,52.3,52.58,50.98,52.07,52.07,288560
16 Jan 2019,52,52.52,51.26,52.31,52.31,694182
15 Jan 2019,50.78,52.3,50.64,52.11,52.11,664183
14 Jan 2019,51.73,52.11,50.38,50.51,50.51,791527
11 Jan 2019,52.28,53.31,51.18,51.59,51.59,812339
10 Jan 2019,52.18,52.78,51.37,52.59,52.59,821782
09 Jan 2019,49.8,52.58,49.71,52.36,52.36,891922
08 Jan 2019,48.73,49.95,48.31,49.78,49.78,765981
07 Jan 2019,48.3,49.79,48.11,48.52,48.52,819939
04 Jan 2019,46.9,49.22,46.65,47.96,47.96,817277
03 Jan 2019,46.26,47.49,45.35,47.09,47.09,788718
02 Jan 2019,45.8,47.78,44.35,46.54,46.54,850480
31 Dec 2018,45.22,46.53,44.73,45.41,45.41,476970
28 Dec 2018,45.44,46.22,44.42,45.33,45.33,564385
27 Dec 2018,46.58,46.7,44.37,44.61,44.61,665590
26 Dec 2018,42.85,47,42.52,46.22,46.22,698408
24 Dec 2018,45.45,46.24,42.36,42.53,42.53,415859
21 Dec 2018,46.25,46.77,45.13,45.59,45.59,694003
20 Dec 2018,47.39,47.51,45.67,45.88,45.88,794130
19 Dec 2018,45.93,48,45.93,47.2,47.2,817721
18 Dec 2018,49.16,49.59,45.79,46.24,46.24,120101
17 Dec 2018,51.25,51.87,49.01,49.88,49.88,211257
14 Dec 2018,52.83,52.95,50.84,51.2,51.2,526839
13 Dec 2018,51.2,53.27,50.35,52.58,52.58,733627
12 Dec 2018,51.95,52.88,50.94,51.15,51.15,730810
11 Dec 2018,50.89,52.43,50.7,51.65,51.65,665262
10 Dec 2018,52.03,52.81,50.53,51,51,733225
07 Dec 2018,51.76,54.22,50.6,52.61,52.61,987717
06 Dec 2018,52.93,53.3,50.08,51.49,51.49,987266
04 Dec 2018,53.13,54.55,52.43,53.25,53.25,738130
03 Dec 2018,52.45,53.85,52.03,52.95,52.95,758010
30 Nov 2018,51.27,51.79,49.65,50.93,50.93,796714
29 Nov 2018,50.31,52.2,49.41,51.45,51.45,812721
28 Nov 2018,52.09,52.56,50.06,50.29,50.29,831688
27 Nov 2018,51.54,52.38,50.3,51.56,51.56,764010
26 Nov 2018,50.62,52.25,50.1,51.63,51.63,663108
23 Nov 2018,53.87,54.12,50.15,50.42,50.42,1014667
21 Nov 2018,53.39,55.86,53.39,54.63,54.63,734277
20 Nov 2018,57.39,57.44,52.77,53.43,53.43,983120
19 Nov 2018,56.72,57.33,55.08,56.76,56.76,699684
16 Nov 2018,56.58,57.96,55.89,56.46,56.46,159001
15 Nov 2018,56.02,57.26,55.59,56.46,56.46,256499
14 Nov 2018,55.27,57.37,55.13,56.25,56.25,844696
13 Nov 2018,58.88,59.35,54.75,55.69,55.69,1095643
12 Nov 2018,60.7,61.28,58.68,59.93,59.93,806219
09 Nov 2018,60.75,60.79,59.26,60.19,60.19,821729
08 Nov 2018,61.64,62.42,60.4,60.67,60.67,764546
07 Nov 2018,61.74,63.18,61.2,61.67,61.67,866628
06 Nov 2018,62.7,63.32,61.31,62.21,62.21,761240
05 Nov 2018,62.99,64.14,62.52,63.1,63.1,609129
02 Nov 2018,63.5,63.95,62.63,63.14,63.14,708906
01 Nov 2018,64.88,65.39,63.11,63.69,63.69,790286
31 Oct 2018,66.32,67,64.81,65.31,65.31,666487
30 Oct 2018,66.68,67.26,65.33,66.18,66.18,680441
29 Oct 2018,67.55,67.95,66.29,67.04,67.04,477487
26 Oct 2018,66.95,67.88,66.2,67.59,67.59,595211
25 Oct 2018,66.36,67.65,65.99,67.33,67.33,573096
24 Oct 2018,66.17,67.72,66.05,66.82,66.82,775963
23 Oct 2018,69.55,69.66,65.74,66.43,66.43,853265
22 Oct 2018,69.41,69.65,68.27,69.17,69.17,513770
19 Oct 2018,68.68,69.77,68.56,69.12,69.12,108311
18 Oct 2018,70.03,70.03,68.47,68.65,68.65,215337
17 Oct 2018,72.17,72.43,69.43,69.75,69.75,651584
16 Oct 2018,71.72,72.29,71.02,71.92,71.92,535003
15 Oct 2018,71.85,72.7,70.85,71.78,71.78,568610
12 Oct 2018,70.99,72.01,70.64,71.34,71.34,626668
11 Oct 2018,72.68,72.76,70.51,70.97,70.97,783962
10 Oct 2018,74.66,75.08,72.38,73.17,73.17,652737
09 Oct 2018,74.21,75.28,74,74.96,74.96,623537
08 Oct 2018,74.4,74.58,73.07,74.29,74.29,554938
05 Oct 2018,74.67,75.22,73.84,74.34,74.34,613218
04 Oct 2018,76.18,76.47,73.88,74.33,74.33,687949
03 Oct 2018,75.12,76.9,74.3,76.41,76.41,698817
02 Oct 2018,75.42,75.91,74.93,75.23,75.23,463615
01 Oct 2018,73.29,75.77,72.95,75.3,75.3,601451
28 Sept 2018,72.18,73.73,71.88,73.25,73.25,544047
27 Sept 2018,72.01,72.6,71.71,72.12,72.12,454549
26 Sept 2018,72.09,72.38,71.47,71.57,71.57,464463
25 Sept 2018,72.25,72.78,71.89,72.28,72.28,551280
24 Sept 2018,71.14,72.74,71.14,72.08,72.08,576894
21 Sept 2018,70.2,71.8,69.98,70.78,70.78,855943
20 Sept 2018,71.39,71.81,70.73,70.8,70.8,607520
19 Sept 2018,69.71,71.5,69.65,71.12,71.12,125208
18 Sept 2018,68.8,70.42,68.53,69.85,69.85,234202
17 Sept 2018,68.93,69.72,68.53,68.91,68.91,422294
14 Sept 2018,68.79,69.91,67.94,68.99,68.99,611075
13 Sept 2018,70.24,70.28,68.35,68.59,68.59,684937
12 Sept 2018,69.89,71.26,69.5,70.37,70.37,800543
11 Sept 2018,67.53,70.01,67.48,69.25,69.25,676869
10 Sept 2018,67.82,68.52,67.33,67.54,67.54,571174
07 Sept 2018,67.88,68.08,66.86,67.75,67.75,530895
06 Sept 2018,68.64,69.02,67,67.77,67.77,633824
05 Sept 2018,69.43,69.59,68.56,68.72,68.72,542104
04 Sept 2018,70.12,71.4,69.08,69.87,69.87,785981
31 Aug 2018,70.06,70.36,69.64,69.8,69.8,419739
30 Aug 2018,69.71,70.5,69.55,70.25,70.25,445584
29 Aug 2018,68.54,69.76,68.37,69.51,69.51,497095
28 Aug 2018,68.93,69.2,68.21,68.53,68.53,426833
27 Aug 2018,68.57,68.97,68.34,68.87,68.87,332612
24 Aug 2018,67.9,69.31,67.78,68.72,68.72,517796
23 Aug 2018,68.07,68.12,67.32,67.83,67.83,450690
22 Aug 2018,66.08,68.15,65.98,67.86,67.86,581899
21 Aug 2018,66.62,68.1,66.52,67.35,67.35,437164
20 Aug 2018,65.91,66.68,65.59,66.43,66.43,112709
17 Aug 2018,65.47,66.39,65.3,65.91,65.91,171403
16 Aug 2018,64.95,65.52,64.43,65.46,65.46,383380
15 Aug 2018,66.62,66.9,64.51,65.01,65.01,573473
14 Aug 2018,67.42,68.37,66.58,67.04,67.04,538484
13 Aug 2018,67.78,67.95,65.71,67.2,67.2,578219
10 Aug 2018,66.74,67.87,66.14,67.63,67.63,524490
09 Aug 2018,66.79,67.41,66.49,66.81,66.81,509401
08 Aug 2018,69.09,69.37,66.32,66.94,66.94,760313
07 Aug 2018,68.9,69.83,68.81,69.17,69.17,485027
06 Aug 2018,68.65,69.92,68.5,69.01,69.01,495605
03 Aug 2018,68.99,69.24,67.87,68.49,68.49,476615
02 Aug 2018,67.86,69.36,66.92,68.96,68.96,531071
01 Aug 2018,68.43,68.52,67.31,67.66,67.66,576561
31 Jul 2018,70.05,70.22,67.98,68.76,68.76,519070
30 Jul 2018,69.01,70.43,68.8,70.13,70.13,463011
27 Jul 2018,69.58,69.77,68.26,68.69,68.69,460450
26 Jul 2018,69.38,69.92,68.92,69.61,69.61,489059
25 Jul 2018,68.77,69.7,68.2,69.3,69.3,622913
24 Jul 2018,67.8,69.05,67.56,68.52,68.52,524591
23 Jul 2018,68.17,69.31,67.6,67.89,67.89,555915
20 Jul 2018,69.39,71.1,69.37,70.46,70.46,500967
19 Jul 2018,69,70.17,67.8,69.46,69.46,103220
18 Jul 2018,67.61,69.06,67.04,68.76,68.76,187313
17 Jul 2018,68.03,68.44,67.03,68.08,68.08,440727
16 Jul 2018,70.52,70.87,67.58,68.06,68.06,530480
13 Jul 2018,70.38,71.66,69.84,71.01,71.01,530277
12 Jul 2018,70.6,71.24,69.23,70.33,70.33,707887
11 Jul 2018,74.2,74.26,70.02,70.38,70.38,861726
10 Jul 2018,74.04,74.7,73.65,74.11,74.11,586829
09 Jul 2018,73.87,74.28,72.99,73.85,73.85,533003
06 Jul 2018,73.16,74.01,72.14,73.8,73.8,611419
05 Jul 2018,74.35,74.8,72.53,72.94,72.94,841632
03 Jul 2018,74.08,75.27,72.73,74.14,74.14,667235
02 Jul 2018,73.62,74.35,72.51,73.94,73.94,652167
29 Jun 2018,73.33,74.46,72.93,74.15,74.15,602399
28 Jun 2018,72.27,74.03,72.2,73.45,73.45,717347
27 Jun 2018,70.68,73.06,70.56,72.76,72.76,775155
26 Jun 2018,68.21,70.91,67.72,70.53,70.53,848537
25 Jun 2018,68.75,69.44,67.78,68.08,68.08,816207
22 Jun 2018,65.93,69.38,65.71,68.58,68.58,1136232
21 Jun 2018,65.34,66.22,64.34,65.54,65.54,760719
20 Jun 2018,65.11,66.53,65.01,66.22,66.22,801625
19 Jun 2018,65.82,65.9,64.39,65.07,65.07,122646
18 Jun 2018,64.4,65.98,63.59,65.85,65.85,218933
15 Jun 2018,66.62,67.16,64.29,65.06,65.06,512591
14 Jun 2018,66.62,67.16,66.36,66.89,66.89,460168
13 Jun 2018,66.01,66.89,65.52,66.64,66.64,626398
12 Jun 2018,66.05,66.7,65.87,66.36,66.36,524411
11 Jun 2018,65.56,66.35,64.85,66.1,66.1,558281
08 Jun 2018,65.98,66.24,65.15,65.74,65.74,571224
07 Jun 2018,65.07,66.07,64.81,65.95,65.95,675041
06 Jun 2018,65.51,65.96,64.27,64.73,64.73,708829
05 Jun 2018,64.94,65.57,64.22,65.52,65.52,714674
04 Jun 2018,65.71,66.04,64.57,64.75,64.75,696050
01 Jun 2018,67.07,67.34,65.51,65.81,65.81,781103
31 May 2018,68.24,68.3,66.56,67.04,67.04,917563
30 May 2018,66.85,68.67,66.35,68.21,68.21,726886
29 May 2018,66.49,67.35,65.92,66.73,66.73,1059750
25 May 2018,70.65,70.8,67.42,67.88,67.88,955354
24 May 2018,71.83,72,70.52,70.71,70.71,640725
23 May 2018,72.11,72.26,71.19,71.84,71.84,702791
22 May 2018,72.53,72.83,71.9,72.13,72.13,723458
21 May 2018,71.47,72.59,71.25,72.24,72.24,119892
18 May 2018,71.6,71.75,70.99,71.28,71.28,211785
17 May 2018,71.56,72.3,71.09,71.49,71.49,562639
16 May 2018,71.02,71.59,70.66,71.49,71.49,574279
15 May 2018,71.15,71.92,70.42,71.31,71.31,815289
14 May 2018,70.54,71.26,70.26,70.96,70.96,592826
11 May 2018,71.45,71.63,70.45,70.7,70.7,634145
10 May 2018,71.23,71.89,70.56,71.36,71.36,749808
09 May 2018,70.05,71.36,69.85,71.14,71.14,863386
08 May 2018,70.03,70.4,67.63,69.06,69.06,1253566
07 May 2018,69.85,70.84,69.51,70.73,70.73,758916
04 May 2018,68.5,69.97,68.12,69.72,69.72,690876
03 May 2018,67.68,68.6,67.21,68.43,68.43,691219
02 May 2018,67.49,68.14,66.92,67.93,67.93,789367
01 May 2018,68.56,68.9,66.85,67.25,67.25,694771
30 Apr 2018,68.15,69.34,67.17,68.57,68.57,755186
27 Apr 2018,68.21,68.36,67.64,68.1,68.1,542549
26 Apr 2018,68.03,68.78,67.71,68.19,68.19,660549
25 Apr 2018,67.75,68.18,67.11,68.05,68.05,764049
24 Apr 2018,68.95,69.38,67.54,67.7,67.7,832296
23 Apr 2018,68.22,69.03,67.14,68.64,68.64,740941
20 Apr 2018,68.26,68.62,67.5,68.38,68.38,724906
19 Apr 2018,68.75,69.56,67.98,68.29,68.29,125993
18 Apr 2018,66.68,68.91,66.56,68.47,68.47,221664
17 Apr 2018,66.42,66.75,65.56,66.52,66.52,486076
16 Apr 2018,67.24,67.74,66.13,66.22,66.22,560076
13 Apr 2018,67.18,67.76,66.7,67.39,67.39,624203
12 Apr 2018,66.75,67.33,66,67.07,67.07,687468
11 Apr 2018,65.59,67.45,65.15,66.82,66.82,963017
10 Apr 2018,63.3,65.86,63.2,65.51,65.51,840280
09 Apr 2018,62,63.61,61.93,63.42,63.42,655831
06 Apr 2018,63.7,63.79,61.81,62.06,62.06,753262
05 Apr 2018,63.6,64.12,63.07,63.54,63.54,588597
04 Apr 2018,63.59,63.64,62.06,63.37,63.37,760596
03 Apr 2018,62.89,63.86,62.86,63.51,63.51,527289
02 Apr 2018,64.91,65.42,62.8,63.01,63.01,582742
29 Mar 2018,64.69,65.26,64.16,64.94,64.94,562819
28 Mar 2018,64.7,65.13,63.72,64.38,64.38,697678
27 Mar 2018,65.53,66.41,64.53,65.25,65.25,670811
26 Mar 2018,65.9,66.55,65.08,65.55,65.55,585899
23 Mar 2018,64.28,66,64.11,65.88,65.88,752994
22 Mar 2018,65.5,65.74,64.14,64.3,64.3,689172
21 Mar 2018,63.72,65.55,63.58,65.17,65.17,763768
20 Mar 2018,62.1,63.81,62.08,63.4,63.4,717709
19 Mar 2018,62.23,62.35,61.36,62.06,62.06,115962
16 Mar 2018,61.19,62.54,61.08,62.34,62.34,202493
15 Mar 2018,60.95,61.54,60.82,61.19,61.19,430201
14 Mar 2018,60.87,61.33,60.11,60.96,60.96,665017
13 Mar 2018,61.37,61.97,60.27,60.71,60.71,747738
12 Mar 2018,62.1,62.33,60.67,61.36,61.36,537990
09 Mar 2018,60.27,62.18,60.14,62.04,62.04,659722
08 Mar 2018,61.33,61.4,59.95,60.12,60.12,720510
07 Mar 2018,62.3,62.58,60.58,61.15,61.15,879119
06 Mar 2018,62.58,63.28,62.17,62.6,62.6,634953
05 Mar 2018,61.55,62.79,61.1,62.57,62.57,599266
02 Mar 2018,61.34,61.6,60.13,61.25,61.25,613514
01 Mar 2018,61.55,61.83,60.18,60.99,60.99,812505
28 Feb 2018,62.79,63.44,61.36,61.64,61.64,768409
27 Feb 2018,64.06,64.08,62.64,63.01,63.01,562670
26 Feb 2018,63.6,64.24,63.06,63.91,63.91,469853
23 Feb 2018,62.6,63.73,62.33,63.55,63.55,460597
22 Feb 2018,61.34,63.09,60.75,62.77,62.77,592603
21 Feb 2018,61.63,61.86,60.92,61.68,61.68,466924
20 Feb 2018,61.63,62.74,61.58,61.9,61.9,794481
16 Feb 2018,61.45,61.99,60.88,61.68,61.68,181179
15 Feb 2018,60.71,61.64,59.72,61.34,61.34,340401
14 Feb 2018,58.98,60.9,58.2,60.6,60.6,650324
13 Feb 2018,59.35,59.73,58.39,59.19,59.19,580600
12 Feb 2018,59.12,60.83,59.1,59.29,59.29,736917
09 Feb 2018,60.43,60.77,58.07,59.2,59.2,933307
08 Feb 2018,61.7,62.09,60.27,61.15,61.15,929578
07 Feb 2018,63.92,64.18,61.25,61.79,61.79,1029408
06 Feb 2018,63.43,64.29,63.12,63.39,63.39,797814
05 Feb 2018,65.1,65.4,63.42,64.15,64.15,891063
02 Feb 2018,65.99,66.3,64.47,65.45,65.45,857572
01 Feb 2018,64.76,66.25,64.63,65.8,65.8,685750
31 Jan 2018,64.03,64.94,63.67,64.73,64.73,613258
30 Jan 2018,65.53,65.56,63.89,64.5,64.5,688380
29 Jan 2018,66.18,66.46,64.98,65.56,65.56,656168
26 Jan 2018,65.25,66.35,64.91,66.14,66.14,678186
25 Jan 2018,65.88,66.66,65.08,65.51,65.51,771758
24 Jan 2018,64.42,66.05,64.34,65.61,65.61,887018
23 Jan 2018,63.88,64.88,63.7,64.47,64.47,662456
22 Jan 2018,63.61,64.14,63.17,63.49,63.49,625662
19 Jan 2018,63.74,63.77,62.85,63.37,63.37,142711
18 Jan 2018,64.07,64.35,63.47,63.95,63.95,204504
17 Jan 2018,63.89,64.17,63.31,63.97,63.97,444384
16 Jan 2018,64.43,64.89,63.39,63.73,63.73,867771
12 Jan 2018,63.57,64.5,63.06,64.3,64.3,678727
11 Jan 2018,63.5,64.77,63.43,63.8,63.8,876642
10 Jan 2018,63.41,63.67,63.09,63.57,63.57,697844
09 Jan 2018,61.92,63.48,61.8,62.96,62.96,844720
08 Jan 2018,61.61,61.97,61.34,61.73,61.73,616474
05 Jan 2018,61.9,62.04,61.09,61.44,61.44,563036
04 Jan 2018,61.96,62.21,61.59,62.01,62.01,654363
03 Jan 2018,60.39,61.97,60.28,61.63,61.63,673859
02 Jan 2018,60.2,60.74,60.1,60.37,60.37,510313
29 Dec 2017,59.91,60.51,59.82,60.42,60.42,464478
28 Dec 2017,59.53,59.94,59.44,59.84,59.84,345962
27 Dec 2017,59.79,59.93,59.33,59.64,59.64,402396
26 Dec 2017,58.4,60.01,58.32,59.97,59.97,437785
22 Dec 2017,58.21,58.5,57.87,58.47,58.47,324554
21 Dec 2017,58.02,58.38,57.63,58.36,58.36,405320
20 Dec 2017,57.66,58.12,57.44,58.09,58.09,420844
19 Dec 2017,57.3,57.64,57.16,57.46,57.46,420784
18 Dec 2017,57.37,57.78,56.82,57.16,57.16,137151
15 Dec 2017,57.15,57.49,56.94,57.3,57.3,210054
14 Dec 2017,56.7,57.22,56.09,57.04,57.04,580571
13 Dec 2017,57.45,57.83,56.55,56.6,56.6,658143
12 Dec 2017,58.02,58.56,56.85,57.14,57.14,826488
11 Dec 2017,57.25,58.08,56.91,57.99,57.99,606724
08 Dec 2017,56.65,57.79,56.54,57.36,57.36,681599
07 Dec 2017,56,56.78,55.82,56.69,56.69,557325
06 Dec 2017,57.45,57.57,55.87,55.96,55.96,678992
05 Dec 2017,57.48,57.92,57.08,57.62,57.62,499245
04 Dec 2017,58.32,58.34,57.35,57.47,57.47,529965
01 Dec 2017,57.42,58.88,57.29,58.36,58.36,685215
30 Nov 2017,57.41,57.98,56.82,57.4,57.4,735128
29 Nov 2017,57.73,58.3,56.75,57.3,57.3,741564
28 Nov 2017,57.86,58.11,57.42,57.99,57.99,546526
27 Nov 2017,58.95,58.99,57.55,58.11,58.11,690078
24 Nov 2017,58.05,59.05,57.75,58.95,58.95,577826
22 Nov 2017,57.12,58.15,57.03,58.02,58.02,837411
21 Nov 2017,56.38,57.22,56.32,56.83,56.83,619066
20 Nov 2017,56.69,56.76,55.57,56.09,56.09,593241
17 Nov 2017,55.25,56.68,55.18,56.55,56.55,184944
16 Nov 2017,55.3,55.62,54.93,55.14,55.14,213923
15 Nov 2017,55.06,55.56,54.88,55.33,55.33,501385
14 Nov 2017,56.72,56.77,54.81,55.7,55.7,707338
13 Nov 2017,56.9,57.15,56.3,56.76,56.76,631619
10 Nov 2017,57.02,57.35,56.55,56.74,56.74,541296
09 Nov 2017,56.85,57.53,56.69,57.17,57.17,666949
08 Nov 2017,56.96,57.92,56.41,56.81,56.81,919147
07 Nov 2017,57.27,57.69,56.83,57.2,57.2,750187
06 Nov 2017,55.97,57.61,55.66,57.35,57.35,861713
03 Nov 2017,54.73,55.76,54.4,55.64,55.64,614159
02 Nov 2017,54.28,54.84,53.99,54.54,54.54,482846
01 Nov 2017,54.65,55.22,53.89,54.3,54.3,671038
31 Oct 2017,54.08,54.85,53.93,54.38,54.38,497295
30 Oct 2017,54.16,54.46,53.75,54.15,54.15,565043
27 Oct 2017,52.8,54.2,52.25,53.9,53.9,730915
26 Oct 2017,52.19,52.86,51.91,52.64,52.64,594647
25 Oct 2017,52.56,52.57,51.89,52.18,52.18,681739
24 Oct 2017,51.89,52.62,51.55,52.47,52.47,709553
23 Oct 2017,52.07,52.3,51.68,51.9,51.9,583563
20 Oct 2017,51.42,51.73,50.7,51.47,51.47,674142
19 Oct 2017,52.05,52.17,51.07,51.29,51.29,127413
18 Oct 2017,51.94,52.33,51.69,52.04,52.04,152620
17 Oct 2017,51.93,52.25,51.21,51.88,51.88,471612
16 Oct 2017,51.43,52.37,51.35,51.87,51.87,520725
13 Oct 2017,50.73,51.72,50.7,51.45,51.45,667497
12 Oct 2017,51,51.13,50.15,50.6,50.6,729273
11 Oct 2017,50.94,51.42,50.61,51.3,51.3,651948
10 Oct 2017,49.55,51.06,49.54,50.92,50.92,664839
09 Oct 2017,49.25,49.79,49.13,49.58,49.58,505079
06 Oct 2017,50.75,50.82,49.1,49.29,49.29,743114
05 Oct 2017,49.88,51.22,49.85,50.79,50.79,654385
04 Oct 2017,50.16,50.67,49.76,49.98,49.98,598836
03 Oct 2017,50.59,50.73,50.14,50.42,50.42,462735
02 Oct 2017,51.64,51.71,50.07,50.58,50.58,600933
29 Sept 2017,51.58,51.77,51.25,51.67,51.67,551982
28 Sept 2017,52.05,52.86,51.22,51.56,51.56,801816
27 Sept 2017,52.09,52.34,51.63,52.14,52.14,637035
26 Sept 2017,52.12,52.43,51.43,51.88,51.88,709515
25 Sept 2017,50.68,52.28,50.39,52.22,52.22,701244
22 Sept 2017,50.73,50.78,50.29,50.66,50.66,473795
21 Sept 2017,50.72,50.81,50.07,50.55,50.55,580569
20 Sept 2017,49.84,50.65,49.75,50.41,50.41,754413
19 Sept 2017,49.91,50.42,49.33,49.48,49.48,143379
18 Sept 2017,49.85,50.33,49.19,49.91,49.91,189605
15 Sept 2017,49.72,50.13,49.41,49.89,49.89,433597
14 Sept 2017,49.31,50.5,49.15,49.89,49.89,709035
13 Sept 2017,48.34,49.4,48.12,49.3,49.3,706925
12 Sept 2017,48.12,48.44,47.73,48.23,48.23,676040
11 Sept 2017,47.58,48.27,47,48.07,48.07,774468
08 Sept 2017,49.09,49.26,47.27,47.48,47.48,843760
07 Sept 2017,49.14,49.33,48.63,49.09,49.09,702514
06 Sept 2017,48.59,49.42,48.52,49.16,49.16,788963
05 Sept 2017,47.28,48.98,47.15,48.66,48.66,742808
01 Sept 2017,47.08,47.35,46.56,47.29,47.29,915708
31 Aug 2017,45.95,47.47,45.58,47.23,47.23,882983
30 Aug 2017,46.31,46.72,45.84,45.96,45.96,895643
29 Aug 2017,46.86,46.96,45.76,46.44,46.44,895643
28 Aug 2017,47.89,48.2,46.15,46.57,46.57,921285
25 Aug 2017,47.62,47.91,47.39,47.87,47.87,646518
24 Aug 2017,48.36,48.43,47.06,47.43,47.43,831358
23 Aug 2017,47.64,48.5,47.53,48.41,48.41,701693
22 Aug 2017,47.45,48.03,47.2,47.64,47.64,864387
21 Aug 2017,48.72,48.75,47.03,47.37,47.37,129192
18 Aug 2017,46.93,48.74,46.78,48.51,48.51,253069
17 Aug 2017,46.8,47.19,46.46,47.09,47.09,608314
16 Aug 2017,47.72,47.99,46.67,46.78,46.78,815544
15 Aug 2017,47.49,47.9,47.02,47.55,47.55,770358
14 Aug 2017,48.79,49.16,47.43,47.59,47.59,763241
11 Aug 2017,48.52,48.98,47.98,48.82,48.82,804237
10 Aug 2017,49.68,50.22,48.35,48.59,48.59,1135440
09 Aug 2017,49,49.72,48.9,49.56,49.56,858250
08 Aug 2017,49.31,49.79,48.86,49.17,49.17,924240
07 Aug 2017,49.59,49.73,48.54,49.39,49.39,831374
04 Aug 2017,48.95,49.64,48.5,49.58,49.58,745664
03 Aug 2017,49.59,49.96,48.78,49.03,49.03,837763
02 Aug 2017,48.8,49.65,48.55,49.59,49.59,847722
01 Aug 2017,50.21,50.43,48.37,49.16,49.16,1008583
31 Jul 2017,49.85,50.41,49.18,50.17,50.17,781539
28 Jul 2017,49.17,49.81,48.86,49.71,49.71,771225
27 Jul 2017,48.7,49.24,48.25,49.04,49.04,880757
26 Jul 2017,48.51,48.87,47.86,48.75,48.75,887864
25 Jul 2017,46.46,48.66,46.38,47.89,47.89,885700
24 Jul 2017,45.62,46.53,45.4,46.34,46.34,707910
21 Jul 2017,46.91,47.21,45.54,45.77,45.77,769438
20 Jul 2017,47.09,47.55,46.66,46.79,46.79,720621
19 Jul 2017,46.25,47.26,46.14,47.12,47.12,140677
18 Jul 2017,45.99,46.92,45.81,46.4,46.4,208420
17 Jul 2017,46.68,46.88,45.89,46.02,46.02,560633
14 Jul 2017,46.08,46.74,45.8,46.54,46.54,742895
13 Jul 2017,45.44,46.28,44.99,46.08,46.08,748971
12 Jul 2017,45.74,46.48,45.11,45.49,45.49,963505
11 Jul 2017,44.58,45.81,43.83,45.04,45.04,1010691
10 Jul 2017,44.35,44.84,43.65,44.4,44.4,848570
07 Jul 2017,45.35,45.42,43.78,44.23,44.23,975914
06 Jul 2017,45.65,46.53,45.18,45.52,45.52,969676
05 Jul 2017,47.04,47.32,44.51,45.13,45.13,1173581
03 Jul 2017,46.28,47.1,45.92,47.07,47.07,517621
30 Jun 2017,44.89,46.35,44.88,46.04,46.04,677408
29 Jun 2017,44.89,45.45,44.65,44.93,44.93,768946
28 Jun 2017,43.7,44.9,43.67,44.74,44.74,753375
27 Jun 2017,43.49,44.44,43.32,44.24,44.24,759115
26 Jun 2017,43.16,43.65,42.63,43.38,43.38,661354
23 Jun 2017,42.8,43.2,42.53,43.01,43.01,690906
22 Jun 2017,42.55,43.32,42.26,42.74,42.74,668830
21 Jun 2017,43.38,44.2,42.05,42.53,42.53,1071747
20 Jun 2017,44.11,44.4,42.75,43.23,43.23,894104
19 Jun 2017,44.68,45.06,44.05,44.2,44.2,123943
16 Jun 2017,44.25,44.94,44.24,44.74,44.74,191824
15 Jun 2017,44.69,44.81,44.22,44.46,44.46,500938
14 Jun 2017,45.94,46.49,44.54,44.73,44.73,924408
13 Jun 2017,46.01,46.57,45.56,46.46,46.46,783320
12 Jun 2017,45.8,46.71,45.66,46.08,46.08,666765
09 Jun 2017,45.71,46.18,45.27,45.83,45.83,735933
08 Jun 2017,45.85,46.18,45.2,45.64,45.64,927695
07 Jun 2017,47.98,48.23,45.65,45.72,45.72,1182327
06 Jun 2017,47.4,48.4,46.94,48.19,48.19,825056
05 Jun 2017,47.71,48.42,46.86,47.4,47.4,710199
02 Jun 2017,48.04,48.19,46.74,47.66,47.66,802662
01 Jun 2017,48.63,49.17,47.9,48.36,48.36,774478
31 May 2017,49.65,49.71,47.73,48.32,48.32,779144
30 May 2017,49.93,50.28,49.03,49.66,49.66,663486
26 May 2017,48.75,49.94,48.18,49.8,49.8,763920
25 May 2017,51.25,52,48.45,48.9,48.9,1147389
24 May 2017,51.44,51.88,51.03,51.36,51.36,736341
23 May 2017,51.04,51.79,50.57,51.47,51.47,584139
22 May 2017,50.6,51.06,50.44,50.73,50.73,564310
19 May 2017,49.28,50.53,49.28,50.33,50.33,146452
18 May 2017,48.93,49.6,48.05,49.35,49.35,242754
17 May 2017,48.23,49.5,48.03,49.07,49.07,650107
16 May 2017,48.82,49.38,48.17,48.66,48.66,589212
15 May 2017,47.85,49.66,47.75,48.85,48.85,687153
12 May 2017,47.81,48.07,47.35,47.84,47.84,537490
11 May 2017,47.39,48.22,47.34,47.83,47.83,661783
10 May 2017,46.18,47.78,46.01,47.33,47.33,819796
09 May 2017,46.49,46.78,45.53,45.88,45.88,701944
08 May 2017,46.35,46.98,45.73,46.43,46.43,785055
05 May 2017,45.51,46.68,43.76,46.22,46.22,1021610
04 May 2017,47.6,47.75,45.29,45.52,45.52,943959
03 May 2017,48.12,48.23,47.3,47.82,47.82,691319
02 May 2017,48.78,49.28,47.35,47.66,47.66,702375
01 May 2017,49.17,49.32,48.59,48.84,48.84,364386
28 Apr 2017,49.27,49.76,48.8,49.33,49.33,633992
27 Apr 2017,49.22,49.43,48.2,48.97,48.97,771189
26 Apr 2017,49.36,50.2,48.94,49.62,49.62,655717
25 Apr 2017,49.22,49.83,48.87,49.56,49.56,587240
24 Apr 2017,49.68,50.22,49.03,49.23,49.23,517897
21 Apr 2017,50.71,50.93,49.2,49.62,49.62,687474
20 Apr 2017,50.63,50.97,50.18,50.27,50.27,606263
19 Apr 2017,52.36,52.65,50.09,50.44,50.44,133173
18 Apr 2017,52.75,52.85,52.1,52.41,52.41,202043
17 Apr 2017,52.97,53.21,52.55,52.65,52.65,326340
13 Apr 2017,52.85,53.39,52.82,53.18,53.18,480835
12 Apr 2017,53.4,53.76,52.71,53.11,53.11,629805
11 Apr 2017,53.13,53.45,52.7,53.4,53.4,598003
10 Apr 2017,52.31,53.18,52.29,53.08,53.08,565439
07 Apr 2017,51.7,52.94,51.49,52.24,52.24,796437
06 Apr 2017,50.8,51.82,50.77,51.7,51.7,473019
05 Apr 2017,51.18,51.88,50.74,51.15,51.15,651398
04 Apr 2017,50.24,51.3,49.88,51.03,51.03,532054
03 Apr 2017,50.69,50.83,50.12,50.24,50.24,440724
31 Mar 2017,50.32,50.85,49.9,50.6,50.6,527607
30 Mar 2017,49.6,50.47,49.27,50.35,50.35,580668
29 Mar 2017,48.47,49.63,48.38,49.51,49.51,548615
28 Mar 2017,47.89,48.74,47.8,48.37,48.37,502377
27 Mar 2017,48.12,48.28,47.08,47.73,47.73,466176
24 Mar 2017,47.67,48.2,47.54,47.97,47.97,421027
23 Mar 2017,48.15,48.48,47.58,47.7,47.7,499878
22 Mar 2017,48.16,48.32,47.01,48.04,48.04,680849
21 Mar 2017,47.93,48.73,47.23,47.34,47.34,628119
20 Mar 2017,48.7,48.74,47.84,48.22,48.22,142258
17 Mar 2017,48.79,49.2,48.6,48.78,48.78,172340
16 Mar 2017,49.01,49.62,48.45,48.75,48.75,516853
15 Mar 2017,48.76,49.04,48.16,48.86,48.86,655788
14 Mar 2017,48.45,48.79,47.09,47.72,47.72,857711
13 Mar 2017,48.45,48.68,47.9,48.4,48.4,601362
10 Mar 2017,49.61,50.11,48.31,48.49,48.49,796960
09 Mar 2017,50.22,50.84,48.59,49.28,49.28,1073506
08 Mar 2017,52.79,52.92,50.05,50.28,50.28,963392
07 Mar 2017,53.17,53.8,52.71,53.14,53.14,494677
06 Mar 2017,53.19,53.56,52.76,53.2,53.2,503692
03 Mar 2017,52.58,53.39,52.55,53.33,53.33,436360
02 Mar 2017,53.69,53.8,52.54,52.61,52.61,638390
01 Mar 2017,53.95,54.44,53.63,53.83,53.83,491289
28 Feb 2017,54.04,54.23,53.18,54.01,54.01,593909
27 Feb 2017,54.02,54.61,53.94,54.05,54.05,394380
24 Feb 2017,54.33,54.51,53.76,53.99,53.99,395258
23 Feb 2017,53.91,54.94,53.87,54.45,54.45,529880
22 Feb 2017,54.26,54.6,53.35,53.59,53.59,499480
21 Feb 2017,53.48,54.68,53.35,54.06,54.06,665310
17 Feb 2017,53.47,53.52,52.88,53.4,53.4,195352
16 Feb 2017,53.01,53.59,52.68,53.36,53.36,343363
15 Feb 2017,53,53.51,52.73,53.11,53.11,463638
14 Feb 2017,52.91,53.72,52.86,53.2,53.2,493022
13 Feb 2017,53.8,53.95,52.77,52.93,52.93,586034
10 Feb 2017,53.15,54.13,52.9,53.86,53.86,596449
09 Feb 2017,52.37,53.21,52.37,53,53,610196
08 Feb 2017,51.64,52.67,51.22,52.34,52.34,767379
07 Feb 2017,53.14,53.24,51.63,52.17,52.17,624057
06 Feb 2017,53.81,54.13,52.91,53.01,53.01,425085
03 Feb 2017,53.68,54.22,53.4,53.83,53.83,462616
02 Feb 2017,53.57,54.34,53.35,53.54,53.54,492553
01 Feb 2017,52.76,53.91,52.64,53.88,53.88,577243
31 Jan 2017,52.6,53.56,52.24,52.81,52.81,586676
30 Jan 2017,53.15,53.46,52.41,52.63,52.63,486309
27 Jan 2017,53.74,54.08,52.58,53.17,53.17,495556
26 Jan 2017,52.96,54.06,52.79,53.78,53.78,578065
25 Jan 2017,52.95,53.47,52.56,52.75,52.75,589709
24 Jan 2017,52.86,53.56,52.67,53.18,53.18,520285
23 Jan 2017,53.33,53.47,52.21,52.75,52.75,455333
20 Jan 2017,51.45,52.9,51.39,52.42,52.42,567231
19 Jan 2017,51.39,51.87,51.02,51.37,51.37,122593
18 Jan 2017,52.52,52.79,50.91,51.08,51.08,236238
17 Jan 2017,52.55,53.52,52.12,52.48,52.48,606023
13 Jan 2017,53.05,53.17,52.27,52.37,52.37,477986
12 Jan 2017,52.37,53.5,52.12,53.01,53.01,660703
11 Jan 2017,50.81,52.78,50.75,52.25,52.25,815846
10 Jan 2017,51.83,52.37,50.71,50.82,50.82,632573
09 Jan 2017,53.75,53.83,51.76,51.96,51.96,564893
06 Jan 2017,53.73,54.32,53.32,53.99,53.99,528333
05 Jan 2017,53.39,54.12,52.79,53.76,53.76,517362
04 Jan 2017,52.49,53.43,52.15,53.26,53.26,512641
03 Jan 2017,54.2,55.24,52.11,52.33,52.33,727793
30 Dec 2016,53.87,54.09,53.41,53.72,53.72,271094
29 Dec 2016,53.66,54.21,53.46,53.77,53.77,360194
28 Dec 2016,53.93,54.37,53.56,54.06,54.06,322535
27 Dec 2016,53.29,54.1,53.03,53.9,53.9,277306
23 Dec 2016,52.68,53.28,52.26,53.02,53.02,285166
22 Dec 2016,52.52,53.19,52.08,52.95,52.95,393487
21 Dec 2016,53.56,53.79,52.32,52.49,52.49,471993
20 Dec 2016,52.11,52.7,51.85,52.23,52.23,416592
19 Dec 2016,52.15,52.52,51.51,52.12,52.12,129990
16 Dec 2016,51.1,52.08,50.5,51.9,51.9,252567
15 Dec 2016,50.79,51.48,49.95,50.9,50.9,551759
14 Dec 2016,52.45,52.78,50.67,51.04,51.04,677957
13 Dec 2016,52.51,53.41,52.35,52.98,52.98,638396
12 Dec 2016,52.58,54.51,52.18,52.83,52.83,847025
09 Dec 2016,50.92,51.66,50.86,51.5,51.5,652040
08 Dec 2016,49.88,50.98,49.61,50.84,50.84,780062
07 Dec 2016,50.93,51.2,49.72,49.77,49.77,816879
06 Dec 2016,50.97,51.6,50.28,50.93,50.93,642746
05 Dec 2016,51.46,52.42,50.93,51.79,51.79,600782
02 Dec 2016,51.01,51.73,50.18,51.68,51.68,667099
01 Dec 2016,49.07,51.8,48.98,51.06,51.06,974805
30 Nov 2016,45.24,49.9,45.22,49.44,49.44,1311000
29 Nov 2016,46.88,46.98,44.82,45.23,45.23,732818
28 Nov 2016,45.43,47.65,45.14,47.08,47.08,734381
25 Nov 2016,47.97,48.26,45.88,46.06,46.06,465977
23 Nov 2016,47.94,48.43,47.4,47.96,47.96,556861
22 Nov 2016,48.37,49.2,47.17,48.03,48.03,826208
21 Nov 2016,45.83,47.8,45.77,47.49,47.49,665326
18 Nov 2016,44.93,45.77,44.55,45.69,45.69,155651
17 Nov 2016,45.37,46.58,44.88,45.42,45.42,284874
16 Nov 2016,45.77,46.41,45.03,45.57,45.57,658169
15 Nov 2016,43.76,46.09,43.55,45.81,45.81,706177
14 Nov 2016,43.2,43.81,42.2,43.32,43.32,704766
10 Nov 2016,45.31,45.64,44.25,44.66,44.66,686338
09 Nov 2016,44.82,45.95,43.07,45.27,45.27,946512
08 Nov 2016,44.97,45.39,44.41,44.98,44.98,669639
07 Nov 2016,44.45,45.01,44.11,44.89,44.89,605733
04 Nov 2016,44.63,44.87,43.57,44.07,44.07,736685
03 Nov 2016,45.48,45.9,44.37,44.66,44.66,540439
02 Nov 2016,46.32,46.47,44.96,45.34,45.34,674322
01 Nov 2016,46.77,47.35,46.2,46.67,46.67,834989
31 Oct 2016,48.25,48.74,46.63,46.86,46.86,649237
28 Oct 2016,49.61,49.81,48.42,48.7,48.7,550081
27 Oct 2016,49.22,50.06,49,49.72,49.72,543173
26 Oct 2016,49.31,50.1,48.87,49.18,49.18,679320
25 Oct 2016,50.49,50.93,49.27,49.96,49.96,553778
24 Oct 2016,50.85,50.98,49.62,50.52,50.52,623398
21 Oct 2016,50.66,51.02,50.21,50.85,50.85,551300
20 Oct 2016,51.4,51.58,50.25,50.43,50.43,548947
19 Oct 2016,50.77,51.93,50.69,51.6,51.6,132427
18 Oct 2016,50.04,50.78,49.76,50.29,50.29,192803
17 Oct 2016,50.23,50.58,49.47,49.94,49.94,418723
14 Oct 2016,50.58,51.14,49.9,50.35,50.35,519431
13 Oct 2016,50,50.59,49.36,50.44,50.44,740676
12 Oct 2016,50.84,51.17,49.89,50.18,50.18,533884
11 Oct 2016,51.1,51.54,50.39,50.79,50.79,765608
07 Oct 2016,50.59,50.74,49.4,49.81,49.81,618809
06 Oct 2016,49.65,50.63,49.33,50.44,50.44,547915
05 Oct 2016,49.26,49.97,49.1,49.83,49.83,520070
04 Oct 2016,48.65,49.26,48.26,48.69,48.69,513710
03 Oct 2016,48.04,49.02,47.78,48.81,48.81,458021
30 Sept 2016,47.76,48.3,47.04,48.24,48.24,496515
29 Sept 2016,47.2,48.32,46.6,47.83,47.83,702649
28 Sept 2016,44.96,47.45,44.35,47.05,47.05,1008434
27 Sept 2016,45.62,45.96,44.19,44.67,44.67,630757
26 Sept 2016,44.62,46.2,44.43,45.93,45.93,527119
23 Sept 2016,46.07,46.55,44.22,44.48,44.48,718395
22 Sept 2016,45.62,46.52,45.52,46.32,46.32,521680
21 Sept 2016,44.5,45.65,44.5,45.34,45.34,585987
20 Sept 2016,43.13,44.05,42.55,43.44,43.44,694130
19 Sept 2016,43.18,44.15,43.12,43.3,43.3,129857
16 Sept 2016,43.71,43.75,42.74,43.03,43.03,231191
15 Sept 2016,43.7,44.34,43.26,43.91,43.91,537185
14 Sept 2016,45,45.33,43.42,43.58,43.58,705861
13 Sept 2016,46.06,46.13,44.77,44.9,44.9,657775
12 Sept 2016,45.57,46.51,44.72,46.29,46.29,745016
09 Sept 2016,47.36,47.36,45.56,45.88,45.88,688191
08 Sept 2016,46.12,47.75,45.77,47.62,47.62,761943
07 Sept 2016,44.85,46.17,44.55,45.5,45.5,572884
06 Sept 2016,44.15,46.53,43.84,44.83,44.83,932145
02 Sept 2016,43.55,44.67,43.16,44.44,44.44,576915
01 Sept 2016,44.85,45.08,43,43.16,43.16,605003
31 Aug 2016,46.24,46.41,44.51,44.7,44.7,549007
30 Aug 2016,46.98,47.49,46.21,46.35,46.35,464449
29 Aug 2016,47.22,47.28,46.62,46.98,46.98,309254
26 Aug 2016,47.37,48.46,46.94,47.64,47.64,558344
25 Aug 2016,46.8,47.46,46.42,47.33,47.33,458816
24 Aug 2016,47.59,47.74,46.45,46.77,46.77,603495
23 Aug 2016,47.39,48.32,46.59,48.1,48.1,623904
22 Aug 2016,48.4,48.4,46.75,47.05,47.05,515256
19 Aug 2016,48.33,48.75,47.93,48.52,48.52,162438
18 Aug 2016,46.9,48.38,46.63,48.22,48.22,229277
17 Aug 2016,46.37,46.95,45.84,46.79,46.79,563354
16 Aug 2016,45.59,46.73,45.34,46.58,46.58,550440
15 Aug 2016,44.74,45.93,44.38,45.74,45.74,522526
12 Aug 2016,43.46,44.78,43.31,44.49,44.49,536081
11 Aug 2016,41.48,43.86,41.1,43.49,43.49,682235
10 Aug 2016,42.74,43.39,41.42,41.71,41.71,676148
09 Aug 2016,42.83,43.52,42.47,42.77,42.77,624703
08 Aug 2016,41.99,43.39,41.81,43.02,43.02,562530
05 Aug 2016,41.84,42.1,41.06,41.8,41.8,550189
04 Aug 2016,41.16,42.08,40.43,41.93,41.93,598836
03 Aug 2016,39.7,41.2,39.19,40.83,40.83,655186
02 Aug 2016,40.08,40.91,39.26,39.51,39.51,534512
01 Aug 2016,41.35,41.88,39.82,40.06,40.06,533020
29 Jul 2016,41.12,41.67,40.57,41.6,41.6,478763
28 Jul 2016,41.93,42.22,41.04,41.14,41.14,447913
27 Jul 2016,42.66,43.2,41.68,41.92,41.92,537390
26 Jul 2016,43.07,43.39,42.36,42.92,42.92,461324
25 Jul 2016,44.2,44.37,42.97,43.13,43.13,389837
22 Jul 2016,44.6,44.97,43.74,44.19,44.19,428407
21 Jul 2016,45.65,46.09,44.52,44.75,44.75,432972
20 Jul 2016,44.59,45.25,43.69,44.94,44.94,541014
19 Jul 2016,45.23,45.67,44.53,44.65,44.65,128127
18 Jul 2016,46.12,46.14,44.86,45.24,45.24,211393
15 Jul 2016,45.52,46.33,45.05,45.95,45.95,430256
14 Jul 2016,45.14,45.8,44.95,45.68,45.68,573761
13 Jul 2016,46.58,46.71,44.56,44.75,44.75,686245
12 Jul 2016,44.58,46.93,44.51,46.8,46.8,658257
11 Jul 2016,45.07,45.77,44.42,44.76,44.76,533657
08 Jul 2016,45.19,45.97,44.77,45.41,45.41,583078
07 Jul 2016,47.88,48.25,44.87,45.14,45.14,710893
06 Jul 2016,46.83,47.95,45.92,47.43,47.43,607663
05 Jul 2016,49.11,49.35,46.33,46.6,46.6,609194
01 Jul 2016,48.38,49.3,47.9,48.99,48.99,405187
30 Jun 2016,49.55,49.62,48.17,48.33,48.33,508736
29 Jun 2016,48.06,50,47.98,49.88,49.88,511476
28 Jun 2016,46.59,48.18,46.54,47.85,47.85,498851
27 Jun 2016,47.81,47.96,45.83,46.33,46.33,504613
24 Jun 2016,50.3,50.45,46.7,47.64,47.64,649446
23 Jun 2016,49.08,50.23,49.08,50.11,50.11,401885
22 Jun 2016,50.22,50.54,48.4,49.13,49.13,569939
21 Jun 2016,49.14,49.32,48.16,48.85,48.85,475407
20 Jun 2016,48.29,49.42,48.14,49.37,49.37,98293
17 Jun 2016,45.99,48.29,45.83,47.98,47.98,226653
16 Jun 2016,47.45,47.75,45.91,46.21,46.21,507910
15 Jun 2016,47.9,48.72,47.28,48.01,48.01,527870
14 Jun 2016,48.52,48.69,47.84,48.49,48.49,456144
13 Jun 2016,48.85,49.28,48.16,48.88,48.88,506036
10 Jun 2016,50.47,50.73,48.8,49.07,49.07,596119
09 Jun 2016,51.45,51.67,50.23,50.56,50.56,560723
08 Jun 2016,50.41,51.62,50.32,51.23,51.23,656416
07 Jun 2016,49.71,50.53,49.44,50.36,50.36,542254
06 Jun 2016,48.88,49.9,48.71,49.69,49.69,450472
03 Jun 2016,49.04,49.41,48.33,48.62,48.62,481034
02 Jun 2016,48.9,49.47,47.97,49.17,49.17,564846
01 Jun 2016,48.82,49.25,47.75,49.01,49.01,568839
31 May 2016,49.54,50.1,48.81,49.1,49.1,476988
27 May 2016,49.31,49.6,48.69,49.33,49.33,406386
26 May 2016,49.7,50.21,49.22,49.48,49.48,488465
25 May 2016,49.09,49.75,48.65,49.56,49.56,550501
24 May 2016,48.08,49.27,47.64,48.62,48.62,475965
23 May 2016,48.46,48.5,47.4,48.08,48.08,475453
20 May 2016,48.2,48.79,47.44,47.75,47.75,538047
19 May 2016,47.87,48.28,46.73,48.16,48.16,108816
18 May 2016,48.53,48.95,47.75,48.19,48.19,343184
17 May 2016,47.9,48.76,47.53,48.31,48.31,470440
16 May 2016,46.28,47.98,46.15,47.72,47.72,550863
13 May 2016,46.41,46.49,45.75,46.21,46.21,519363
12 May 2016,46,47.02,45.61,46.7,46.7,715102
11 May 2016,44.6,46.36,43.96,46.23,46.23,869957
10 May 2016,43.25,44.79,43.03,44.66,44.66,709415
09 May 2016,45,45.94,43.24,43.44,43.44,767568
06 May 2016,44.52,45.34,43.54,44.66,44.66,695306
05 May 2016,44.04,46.07,43.96,44.32,44.32,746159
04 May 2016,43.85,44.88,43.22,43.78,43.78,711125
03 May 2016,44.92,45.35,43.32,43.65,43.65,625551
02 May 2016,45.9,46.15,44.54,44.78,44.78,464027
29 Apr 2016,45.9,46.78,45.24,45.92,45.92,598439
28 Apr 2016,45.3,46.14,44.94,46.03,46.03,487412
27 Apr 2016,44.64,45.62,43.77,45.33,45.33,648028
26 Apr 2016,42.96,44.83,42.5,44.04,44.04,564392
25 Apr 2016,43.75,44.04,42.58,42.64,42.64,606383
22 Apr 2016,43.42,44.45,43.11,43.73,43.73,575107
21 Apr 2016,43.97,44.49,43.05,43.18,43.18,671103
20 Apr 2016,40.8,42.91,39.85,42.63,42.63,796240
19 Apr 2016,40.04,41.53,39.58,41.08,41.08,101734
18 Apr 2016,38.75,40.24,37.61,39.78,39.78,342463
15 Apr 2016,41.43,41.73,39.98,40.36,40.36,520146
14 Apr 2016,41.54,42.16,40.84,41.5,41.5,488614
13 Apr 2016,41.63,42.42,41.24,41.76,41.76,730437
12 Apr 2016,40.35,42.25,40.09,42.17,42.17,796837
11 Apr 2016,39.72,40.75,39.25,40.36,40.36,679351
08 Apr 2016,37.52,39.84,37.45,39.72,39.72,817230
07 Apr 2016,37.76,38.3,36.69,37.26,37.26,626749
06 Apr 2016,36.52,37.9,36.43,37.75,37.75,751048
05 Apr 2016,35.5,36.58,35.24,35.89,35.89,485543
04 Apr 2016,36.61,37.21,35.46,35.7,35.7,549477
01 Apr 2016,38.14,38.56,36.63,36.79,36.79,547190
31 Mar 2016,38.3,39.04,37.57,38.34,38.34,532152
30 Mar 2016,38.52,39.85,38.14,38.32,38.32,542469
29 Mar 2016,39.32,39.48,37.91,38.28,38.28,488032
28 Mar 2016,39.55,40.14,38.86,39.39,39.39,299775
24 Mar 2016,39.73,39.77,38.33,39.46,39.46,495168
23 Mar 2016,41.19,41.34,39.67,39.79,39.79,492003
22 Mar 2016,41.59,41.9,40.77,41.45,41.45,463693
21 Mar 2016,39.06,40.3,38.61,39.91,39.91,479337
18 Mar 2016,40.25,41.2,39.15,39.44,39.44,130151
17 Mar 2016,38.59,40.36,38.47,40.2,40.2,298013
16 Mar 2016,36.74,38.63,36.61,38.46,38.46,494174
15 Mar 2016,37.37,37.4,35.96,36.34,36.34,446100
14 Mar 2016,38.17,38.77,36.68,37.18,37.18,489938
11 Mar 2016,37.99,39.02,37.92,38.5,38.5,564791
10 Mar 2016,38.17,38.48,37.21,37.84,37.84,701435
09 Mar 2016,36.36,38.51,36.24,38.29,38.29,740632
08 Mar 2016,37.94,38.39,36.12,36.5,36.5,706933
07 Mar 2016,36.2,38.11,36.09,37.9,37.9,709870
04 Mar 2016,34.66,36.34,34.4,35.92,35.92,578290
03 Mar 2016,34.73,35.32,34.19,34.57,34.57,512962
02 Mar 2016,33.89,35.17,33.55,34.66,34.66,597834
01 Mar 2016,33.9,34.76,33.37,34.4,34.4,566226
29 Feb 2016,32.72,33.98,32.32,33.75,33.75,512468
26 Feb 2016,33.04,34.69,32.64,32.78,32.78,646294
25 Feb 2016,32.19,33.49,31.07,33.07,33.07,611874
24 Feb 2016,31.28,32.4,30.56,32.15,32.15,652245
23 Feb 2016,33.34,33.53,31.22,31.87,31.87,539379
22 Feb 2016,29.72,32.05,29.48,31.48,31.48,521016
19 Feb 2016,30.6,30.73,29.05,29.64,29.64,103202
18 Feb 2016,31.35,31.98,30.27,30.77,30.77,225497
17 Feb 2016,29.14,31.49,28.73,30.66,30.66,578639
16 Feb 2016,29.08,31.53,28.7,29.04,29.04,651956
12 Feb 2016,27.3,29.66,26.95,29.44,29.44,675157
11 Feb 2016,27.34,27.48,26.05,26.21,26.21,795965
10 Feb 2016,28.36,29.22,27.24,27.45,27.45,781280
09 Feb 2016,30.17,30.61,27.74,27.94,27.94,738219
08 Feb 2016,30.97,31.38,29.57,29.69,29.69,603646
05 Feb 2016,31.64,32.45,30.63,30.89,30.89,616531
04 Feb 2016,32.71,33.6,31.53,31.72,31.72,696721
03 Feb 2016,29.75,32.75,29.4,32.28,32.28,811699
02 Feb 2016,31.37,31.53,29.57,29.88,29.88,602564
01 Feb 2016,33.83,34.18,31.29,31.62,31.62,595612
29 Jan 2016,33.7,34.4,32.65,33.62,33.62,618110
28 Jan 2016,32.19,34.82,31.74,33.22,33.22,833378
27 Jan 2016,30.55,32.84,30.14,32.3,32.3,738551
26 Jan 2016,29.81,32.41,29.25,31.45,31.45,642432
25 Jan 2016,32.05,32.74,29.68,30.34,30.34,606892
22 Jan 2016,29.84,32.35,29.53,32.19,32.19,636573
21 Jan 2016,28.35,30.25,27.87,29.53,29.53,694040
20 Jan 2016,28.33,28.58,26.19,26.55,26.55,690039
19 Jan 2016,29.2,30.21,28.21,28.46,28.46,188026
15 Jan 2016,31.18,31.18,29.13,29.42,29.42,329094
14 Jan 2016,30.6,31.77,30.28,31.2,31.2,537906
13 Jan 2016,30.54,31.71,30.1,30.48,30.48,637903
12 Jan 2016,31.11,32.21,29.93,30.44,30.44,627218
11 Jan 2016,32.94,33.2,30.88,31.41,31.41,648640
08 Jan 2016,33.3,34.34,32.64,33.16,33.16,596496
07 Jan 2016,34.09,34.26,32.1,33.27,33.27,617409
06 Jan 2016,36.18,36.39,33.77,33.97,33.97,563811
05 Jan 2016,36.9,37.1,35.74,35.97,35.97,410131
04 Jan 2016,37.6,38.39,36.33,36.76,36.76,431985
31 Dec 2015,36.81,37.79,36.22,37.04,37.04,283623
30 Dec 2015,37.36,37.4,36.4,36.6,36.6,267912
29 Dec 2015,36.7,37.94,36.66,37.87,37.87,241945
28 Dec 2015,38,38.09,36.6,36.81,36.81,220644
24 Dec 2015,37.86,38.28,37.38,38.1,38.1,205873
23 Dec 2015,36.47,37.95,36.28,37.5,37.5,374658
22 Dec 2015,35.8,36.54,35.66,36.14,36.14,302263
21 Dec 2015,34.58,34.86,33.98,34.74,34.74,298080
18 Dec 2015,34.87,35.57,34.29,34.73,34.73,116038
17 Dec 2015,35.8,35.84,34.63,34.95,34.95,196227
16 Dec 2015,36.79,37.35,35.29,35.52,35.52,402967
15 Dec 2015,36.32,37.88,36.03,37.35,37.35,474159
14 Dec 2015,35.4,36.7,34.53,36.31,36.31,550476
11 Dec 2015,36.63,36.84,35.16,35.62,35.62,505406
10 Dec 2015,37.27,37.54,36.38,36.76,36.76,513940
09 Dec 2015,37.86,38.99,36.87,37.16,37.16,646166
08 Dec 2015,37.68,38.58,36.64,37.51,37.51,767184
07 Dec 2015,40.1,40.15,37.5,37.65,37.65,635413
04 Dec 2015,41.31,42,39.6,39.97,39.97,510758
03 Dec 2015,40.15,41.78,40.07,41.08,41.08,496884
02 Dec 2015,41.69,41.97,39.84,39.94,39.94,545289
01 Dec 2015,41.73,42.23,41.17,41.85,41.85,415537
30 Nov 2015,41.77,42.61,41.5,41.65,41.65,369509
27 Nov 2015,43.25,43.3,41.67,41.71,41.71,316475
25 Nov 2015,42.69,43.25,41.72,43.04,43.04,383158
24 Nov 2015,42.04,43.46,41.86,42.87,42.87,430304
23 Nov 2015,41.49,42.75,40.41,41.75,41.75,516190
20 Nov 2015,40.54,40.99,38.99,40.39,40.39,432642
19 Nov 2015,40.72,41.05,39.89,40.54,40.54,131356
18 Nov 2015,41.11,41.55,39.91,40.75,40.75,251518
17 Nov 2015,41.96,42.03,40.58,40.67,40.67,363714
16 Nov 2015,40.92,42.25,40.06,41.74,41.74,535179
13 Nov 2015,41.61,42.84,40.22,40.74,40.74,480893
12 Nov 2015,43.05,43.33,41.54,41.75,41.75,545351
11 Nov 2015,43.63,44.11,42.62,42.93,42.93,502371
10 Nov 2015,44.1,44.76,43.57,44.21,44.21,445973
09 Nov 2015,44.52,45.12,43.64,43.87,43.87,487992
06 Nov 2015,45.41,45.64,44.11,44.29,44.29,448133
05 Nov 2015,46.57,46.65,45.12,45.2,45.2,437646
04 Nov 2015,47.74,48.28,46.17,46.32,46.32,459307
03 Nov 2015,46.11,48.36,45.96,47.9,47.9,434574
02 Nov 2015,46.43,46.73,45.56,46.14,46.14,305518
30 Oct 2015,45.74,47.03,45.48,46.59,46.59,363307
29 Oct 2015,46.06,46.79,45.16,46.06,46.06,436513
28 Oct 2015,43.44,46.22,43.06,45.94,45.94,521518
27 Oct 2015,43.78,43.91,42.58,43.2,43.2,370825
26 Oct 2015,44.74,44.94,43.64,43.98,43.98,302084
23 Oct 2015,45.44,45.75,44.2,44.6,44.6,406577
22 Oct 2015,45.27,46.1,44.9,45.38,45.38,322742
21 Oct 2015,45.88,46.08,44.86,45.2,45.2,384288
20 Oct 2015,46.25,46.52,45.23,45.55,45.55,361314
19 Oct 2015,47.27,47.49,45.85,45.89,45.89,125840
16 Oct 2015,46.87,47.5,46.16,47.26,47.26,198127
15 Oct 2015,46.28,47.02,45.23,46.38,46.38,370940
14 Oct 2015,46.69,46.96,45.94,46.64,46.64,348241
13 Oct 2015,47.46,48.43,46.44,46.66,46.66,465388
12 Oct 2015,49.51,50.13,47.04,47.1,47.1,408663
09 Oct 2015,49.69,50.92,49.17,49.63,49.63,508680
08 Oct 2015,48.11,50.07,47.76,49.43,49.43,509760
07 Oct 2015,49,49.71,47.7,47.81,47.81,547488
06 Oct 2015,46.2,49.08,45.73,48.53,48.53,453101
05 Oct 2015,45.65,46.94,45.21,46.26,46.26,323061
02 Oct 2015,45.07,45.81,43.97,45.54,45.54,420740
01 Oct 2015,45.38,47.1,44.63,44.74,44.74,478979
30 Sept 2015,44.92,45.85,44.68,45.09,45.09,355853
29 Sept 2015,44.5,45.7,44.3,45.23,45.23,265176
28 Sept 2015,45.38,45.5,44.3,44.43,44.43,273906
25 Sept 2015,45.05,46.38,44.86,45.7,45.7,338622
24 Sept 2015,44.62,45.18,43.71,44.91,44.91,371976
23 Sept 2015,46.54,47.15,44.41,44.48,44.48,411957
22 Sept 2015,46.45,46.48,45.14,45.83,45.83,345875
21 Sept 2015,44.97,46.74,44.69,46.68,46.68,104528
18 Sept 2015,46.89,47.03,44.24,44.68,44.68,211301
17 Sept 2015,47.13,47.71,46.33,46.9,46.9,366390
16 Sept 2015,45.16,47.35,44.82,47.15,47.15,421981
15 Sept 2015,44.11,45.25,43.92,44.59,44.59,335953
14 Sept 2015,44.78,44.97,43.59,44,44,326269
11 Sept 2015,45.71,45.88,44.16,44.63,44.63,395838
10 Sept 2015,44.16,46.04,43.36,45.92,45.92,498992
09 Sept 2015,45.79,46.26,44.05,44.15,44.15,422735
08 Sept 2015,45.82,46.41,44.14,45.94,45.94,508815
04 Sept 2015,46.68,47.23,45.61,46.05,46.05,385631
03 Sept 2015,46.11,48.42,45.65,46.75,46.75,539450
02 Sept 2015,44.26,46.77,43.21,46.25,46.25,689301
01 Sept 2015,48.1,48.87,44.15,45.41,45.41,713418
31 Aug 2015,45,49.33,43.6,49.2,49.2,757503
28 Aug 2015,42.68,45.9,41.78,45.22,45.22,666328
27 Aug 2015,38.96,42.86,38.95,42.56,42.56,533682
26 Aug 2015,39.69,39.86,38.52,38.6,38.6,368722
25 Aug 2015,38.18,39.89,38.16,39.31,39.31,375650
24 Aug 2015,40.3,40.47,37.75,38.24,38.24,468366
21 Aug 2015,41.03,41.4,39.86,40.45,40.45,377181
20 Aug 2015,40.58,41.48,40.21,41.14,41.14,380433
19 Aug 2015,42.41,42.68,40.4,40.8,40.8,107578
18 Aug 2015,41.88,42.9,41.43,42.62,42.62,200185
17 Aug 2015,42.18,42.69,41.64,41.87,41.87,314275
14 Aug 2015,42.23,42.96,41.35,42.5,42.5,317211
13 Aug 2015,43.34,43.72,41.91,42.23,42.23,420146
12 Aug 2015,43.27,43.87,42.8,43.3,43.3,492271
11 Aug 2015,44.81,45.34,42.69,43.08,43.08,538005
10 Aug 2015,43.58,45.01,43.35,44.96,44.96,491433
07 Aug 2015,44.82,45.16,43.7,43.87,43.87,400070
06 Aug 2015,45.16,45.27,44.2,44.66,44.66,360977
05 Aug 2015,45.96,46.7,44.83,45.15,45.15,367326
04 Aug 2015,45.35,46.23,45.29,45.74,45.74,285786
03 Aug 2015,46.86,46.94,45.08,45.17,45.17,371085
31 Jul 2015,48.47,48.62,46.7,47.12,47.12,334474
30 Jul 2015,48.83,49.36,48.34,48.52,48.52,247662
29 Jul 2015,47.81,49.52,47.39,48.79,48.79,366893
28 Jul 2015,47.02,48.44,46.68,47.98,47.98,338107
27 Jul 2015,48,48.2,46.91,47.39,47.39,273614
24 Jul 2015,48.79,49.03,47.72,48.14,48.14,278233
23 Jul 2015,49.23,49.63,48.21,48.45,48.45,316060
22 Jul 2015,50.71,50.71,49.04,49.19,49.19,347986
21 Jul 2015,49.95,51.02,49.77,50.36,50.36,254321
20 Jul 2015,50.76,51.26,49.85,50.15,50.15,102597
17 Jul 2015,50.91,51.23,50.14,50.89,50.89,203485
16 Jul 2015,51.62,52.17,50.84,50.91,50.91,319167
15 Jul 2015,53.4,53.5,51.21,51.41,51.41,334563
14 Jul 2015,52,53.43,50.88,53.04,53.04,422756
13 Jul 2015,52.15,53.17,51.26,52.2,52.2,359477
10 Jul 2015,52.48,53.89,51.96,52.74,52.74,349075
09 Jul 2015,51.83,53.54,51.48,52.78,52.78,382334
08 Jul 2015,52.91,52.96,50.91,51.65,51.65,434752
07 Jul 2015,52.75,53.43,50.58,52.33,52.33,527267
06 Jul 2015,54.9,55.34,52.41,52.53,52.53,540608
02 Jul 2015,56.87,57.95,56.5,56.93,56.93,297050
01 Jul 2015,58.98,58.98,56.68,56.96,56.96,373405
30 Jun 2015,58.27,59.69,57.94,59.47,59.47,282475
29 Jun 2015,58.84,59.27,58.04,58.33,58.33,286035
26 Jun 2015,59.66,59.96,58.76,59.63,59.63,231957
25 Jun 2015,60.22,60.46,59.43,59.7,59.7,222341
24 Jun 2015,61.14,61.57,59.8,60.27,60.27,312985
23 Jun 2015,60.21,61.49,59.55,61.01,61.01,336224
22 Jun 2015,59.44,60.3,58.93,59.68,59.68,255306
19 Jun 2015,60.5,60.56,58.88,59.61,59.61,116656
18 Jun 2015,59.78,60.89,59.25,60.45,60.45,181875
17 Jun 2015,60.03,61.38,58.85,59.92,59.92,396155
16 Jun 2015,59.6,60.37,59.42,59.97,59.97,233935
15 Jun 2015,59.9,59.98,58.73,59.52,59.52,275187
12 Jun 2015,60.55,60.63,59.73,59.96,59.96,246898
11 Jun 2015,61.14,61.53,60.21,60.77,60.77,352421
10 Jun 2015,60.58,61.82,60.45,61.43,61.43,459765
09 Jun 2015,58.31,60.68,58.23,60.14,60.14,405486
08 Jun 2015,58.96,59.13,57.86,58.14,58.14,339845
05 Jun 2015,57.99,59.23,56.83,59.13,59.13,461016
04 Jun 2015,59.57,59.94,57.83,58,58,363345
03 Jun 2015,61.02,61.43,59.34,59.64,59.64,371298
02 Jun 2015,60.18,61.58,60.09,61.26,61.26,344508
01 Jun 2015,60.29,60.64,59.33,60.2,60.2,292189
29 May 2015,57.97,60.7,57.72,60.3,60.3,452222
28 May 2015,57.63,58.07,56.51,57.68,57.68,340682
27 May 2015,58.32,58.95,57.36,57.51,57.51,314917
26 May 2015,60.05,60.25,57.71,58.03,58.03,330128
22 May 2015,60.66,60.8,59.35,59.72,59.72,230307
21 May 2015,58.81,60.94,58.69,60.72,60.72,329765
20 May 2015,58.32,59.04,58.1,58.98,58.98,287129
19 May 2015,59.54,59.63,57.09,57.26,57.26,336779
18 May 2015,59.85,60.88,59.06,59.43,59.43,144389
15 May 2015,59.67,59.97,58.42,59.69,59.69,222089
14 May 2015,60.1,60.84,59.36,59.88,59.88,361432
13 May 2015,61.23,61.85,60.02,60.5,60.5,426835
12 May 2015,59.27,61.36,59.12,60.75,60.75,397345
11 May 2015,59.43,59.85,58.75,59.25,59.25,332694
08 May 2015,59.02,59.9,58.14,59.39,59.39,434575
07 May 2015,60.69,61.31,58.49,58.94,58.94,437022
06 May 2015,60.72,62.58,60.54,60.93,60.93,423583
05 May 2015,58.95,61.1,58.63,60.4,60.4,389743
04 May 2015,59.3,59.73,58.45,58.93,58.93,215046
01 May 2015,59.79,59.9,58.32,59.15,59.15,244753
30 Apr 2015,58.55,59.85,58.38,59.63,59.63,340322
29 Apr 2015,56.93,59.33,56.54,58.58,58.58,411097
28 Apr 2015,56.65,57.83,56.07,57.06,57.06,281864
27 Apr 2015,57.3,57.89,56.52,56.99,56.99,250558
24 Apr 2015,57.53,57.95,56.5,57.15,57.15,328322
23 Apr 2015,56.28,58.41,55.76,57.74,57.74,415569
22 Apr 2015,56.34,57.19,55.73,56.16,56.16,329631
21 Apr 2015,56.41,56.91,55.01,55.26,55.26,354244
20 Apr 2015,56.16,57.17,54.85,56.38,56.38,112382
17 Apr 2015,56.56,56.88,55.31,55.74,55.74,230623
16 Apr 2015,55.92,57.42,55.07,56.71,56.71,413134
15 Apr 2015,53.55,56.69,53.39,56.39,56.39,508904
14 Apr 2015,52.05,53.79,51.83,53.29,53.29,431026
13 Apr 2015,51.81,53.1,51.47,51.91,51.91,375534
10 Apr 2015,50.73,51.93,50.08,51.64,51.64,395135
09 Apr 2015,51,52.07,50.51,50.79,50.79,449531
08 Apr 2015,53.18,53.23,50.37,50.42,50.42,552627
07 Apr 2015,51.95,54.13,51.17,53.98,53.98,548870
06 Apr 2015,49.47,52.24,49.47,52.14,52.14,325282
02 Apr 2015,49.59,50.27,48.11,49.14,49.14,453394
01 Apr 2015,47.55,50.45,47.05,50.09,50.09,451104
31 Mar 2015,48.73,48.73,47.28,47.6,47.6,365748
30 Mar 2015,48.57,49.16,47.61,48.68,48.68,355866
27 Mar 2015,51.01,51.38,48.21,48.87,48.87,384092
26 Mar 2015,49.02,52.48,48.73,51.43,51.43,515277
25 Mar 2015,47.72,49.46,47,49.21,49.21,398795
24 Mar 2015,47.46,48.56,46.67,47.51,47.51,309553
23 Mar 2015,46.41,47.61,45.33,47.45,47.45,292417
20 Mar 2015,43.99,46.53,43.31,45.72,45.72,379180
19 Mar 2015,44.6,44.71,42.75,43.96,43.96,106907
18 Mar 2015,42.51,45.34,42.03,44.66,44.66,220638
17 Mar 2015,43.84,44.2,42.41,43.46,43.46,346310
16 Mar 2015,44.81,45,42.85,43.88,43.88,367600
13 Mar 2015,46.93,47.28,44.75,44.84,44.84,395722
12 Mar 2015,48.44,48.76,46.86,47.05,47.05,358381
11 Mar 2015,48.77,49.05,47.33,48.17,48.17,404590
10 Mar 2015,50.08,50.36,48.2,48.29,48.29,395761
09 Mar 2015,49.6,50.79,49.25,50,50,409877
06 Mar 2015,50.89,51.22,48.88,49.61,49.61,406840
05 Mar 2015,51.62,52.4,50.61,50.76,50.76,370953
04 Mar 2015,50.61,51.99,49.6,51.53,51.53,463989
03 Mar 2015,49.8,50.83,49.45,50.52,50.52,370597
02 Mar 2015,49.45,51.04,48.71,49.59,49.59,427177
27 Feb 2015,48.97,49.94,48.46,49.76,49.76,399494
26 Feb 2015,51,51.22,47.8,48.17,48.17,459584
25 Feb 2015,49.16,51.28,48.43,50.99,50.99,429524
24 Feb 2015,49.42,50.33,48.68,49.28,49.28,293101
23 Feb 2015,50.75,50.99,48.67,49.45,49.45,475383
20 Feb 2015,51.24,51.85,49.91,50.34,50.34,366125
19 Feb 2015,50.55,52.14,49.15,51.16,51.16,125210
18 Feb 2015,53.24,53.41,50.32,52.14,52.14,257476
17 Feb 2015,52.75,54.15,50.81,53.53,53.53,518799
13 Feb 2015,51.35,53.43,51.03,52.78,52.78,437072
12 Feb 2015,49.42,51.6,49.14,51.21,51.21,563662
11 Feb 2015,50.98,51.14,48.05,48.84,48.84,519272
10 Feb 2015,52.43,52.65,49.86,50.02,50.02,501701
09 Feb 2015,52.01,53.99,51.65,52.86,52.86,536364
06 Feb 2015,50.86,53.16,50.72,51.69,51.69,584976
05 Feb 2015,48.67,52.1,47.36,50.48,50.48,596851
04 Feb 2015,51.67,52.56,47.95,48.45,48.45,577515
03 Feb 2015,49.79,54.24,49.69,53.05,53.05,644919
02 Feb 2015,47.59,50.56,46.67,49.57,49.57,511409
30 Jan 2015,44.63,48.35,44.31,48.24,48.24,454142
29 Jan 2015,44.43,44.96,43.58,44.53,44.53,300732
28 Jan 2015,45.83,45.83,44.08,44.45,44.45,365440
27 Jan 2015,45.13,46.55,44.81,46.23,46.23,313141
26 Jan 2015,45.2,46.41,44.35,45.15,45.15,310638
23 Jan 2015,46.63,47.76,45.21,45.59,45.59,374289
22 Jan 2015,47.35,49.09,45.87,46.31,46.31,426829
21 Jan 2015,46.69,48.2,46.55,47.78,47.78,340252
20 Jan 2015,48.69,48.77,45.89,46.39,46.39,438892
16 Jan 2015,46.35,48.87,45.95,48.69,48.69,175626
15 Jan 2015,48.6,51.27,46.07,46.25,46.25,478340
14 Jan 2015,46.16,48.91,45.01,48.48,48.48,510252
13 Jan 2015,45.69,46.79,44.2,45.89,45.89,476541
12 Jan 2015,48.19,48.19,45.62,46.07,46.07,394946
09 Jan 2015,48.92,49.61,47.16,48.36,48.36,421007
08 Jan 2015,48.78,49.65,47.73,48.79,48.79,362081
07 Jan 2015,48,49.31,46.83,48.65,48.65,460083
06 Jan 2015,50,50.37,47.55,47.93,47.93,451642
05 Jan 2015,52.61,52.73,49.68,50.04,50.04,375782
02 Jan 2015,53.76,55.11,52.03,52.69,52.69,268708
